Employee_ID,Role,C1,C2,C3,C4,C5,C6,C7,C8,C1_Gap,C2_Gap,C3_Gap,C4_Gap,C5_Gap,C6_Gap,C7_Gap,C8_Gap,Overall_Gap_Score,Gap_Class
EMP0001,Registry / Records Administration,5,4,4,1,1,3,3,4,0,1,0,3,3,2,1,1,34.375,Moderate Gap
EMP0002,Registry / Records Administration,2,5,3,5,2,5,5,3,2,0,1,0,2,0,0,2,21.875,Low Gap
EMP0003,Registry / Records Administration,5,4,4,4,4,3,3,5,0,1,0,0,0,2,1,0,12.5,Low Gap
EMP0004,Registry / Records Administration,4,2,3,4,4,5,5,3,0,3,1,0,0,0,0,2,18.75,Low Gap
EMP0005,Registry / Records Administration,5,1,4,3,2,1,3,5,0,4,0,1,2,4,1,0,37.5,Moderate Gap
EMP0006,Registry / Records Administration,3,3,2,5,4,5,5,5,1,2,2,0,0,0,0,0,15.625,Low Gap
EMP0007,Registry / Records Administration,3,3,2,5,4,3,5,4,1,2,2,0,0,2,0,1,25.0,Moderate Gap
EMP0008,Registry / Records Administration,5,2,4,4,4,2,2,4,0,3,0,0,0,3,2,1,28.125,Moderate Gap
EMP0009,Registry / Records Administration,5,5,2,1,1,1,5,4,0,0,2,3,3,4,0,1,40.625,Moderate Gap
EMP0010,Registry / Records Administration,5,1,3,3,5,3,3,5,0,4,1,1,0,2,1,0,28.125,Moderate Gap
EMP0011,Registry / Records Administration,1,5,3,4,4,3,3,1,3,0,1,0,0,2,1,4,34.375,Moderate Gap
EMP0012,Registry / Records Administration,4,4,3,3,2,2,3,1,0,1,1,1,2,3,1,4,40.625,Moderate Gap
EMP0013,Registry / Records Administration,3,2,3,3,3,3,5,5,1,3,1,1,1,2,0,0,28.125,Moderate Gap
EMP0014,Registry / Records Administration,3,3,1,2,4,2,2,2,1,2,3,2,0,3,2,3,50.0,High Gap
EMP0015,Registry / Records Administration,4,3,3,3,2,5,1,1,0,2,1,1,2,0,3,4,40.625,Moderate Gap
EMP0016,Registry / Records Administration,1,1,4,1,1,5,4,4,3,4,0,3,3,0,0,1,43.75,Moderate Gap
EMP0017,Registry / Records Administration,1,4,3,4,5,2,5,4,3,1,1,0,0,3,0,1,28.125,Moderate Gap
EMP0018,Registry / Records Administration,3,2,2,5,5,5,3,5,1,3,2,0,0,0,1,0,21.875,Low Gap
EMP0019,Registry / Records Administration,5,2,2,2,4,3,1,1,0,3,2,2,0,2,3,4,50.0,High Gap
EMP0020,Registry / Records Administration,1,4,2,4,3,5,5,5,3,1,2,0,1,0,0,0,21.875,Low Gap
EMP0021,Registry / Records Administration,1,4,3,1,1,2,1,1,3,1,1,3,3,3,3,4,65.625,High Gap
EMP0022,Registry / Records Administration,5,2,3,2,3,2,2,1,0,3,1,2,1,3,2,4,50.0,High Gap
EMP0023,Registry / Records Administration,5,5,2,3,4,2,5,1,0,0,2,1,0,3,0,4,31.25,Moderate Gap
EMP0024,Registry / Records Administration,4,3,1,4,1,4,4,2,0,2,3,0,3,1,0,3,37.5,Moderate Gap
EMP0025,Registry / Records Administration,2,3,4,4,3,3,4,1,2,2,0,0,1,2,0,4,34.375,Moderate Gap
EMP0026,Registry / Records Administration,5,5,5,2,3,5,5,5,0,0,0,2,1,0,0,0,9.375,Low Gap
EMP0027,Registry / Records Administration,4,5,5,3,4,2,2,2,0,0,0,1,0,3,2,3,28.125,Moderate Gap
EMP0028,Registry / Records Administration,5,1,5,4,5,2,5,3,0,4,0,0,0,3,0,2,28.125,Moderate Gap
EMP0029,Registry / Records Administration,4,5,1,5,4,5,1,4,0,0,3,0,0,0,3,1,21.875,Low Gap
EMP0030,Registry / Records Administration,2,3,3,4,1,4,1,2,2,2,1,0,3,1,3,3,46.875,Moderate Gap
EMP0031,Registry / Records Administration,1,4,1,4,1,5,2,5,3,1,3,0,3,0,2,0,37.5,Moderate Gap
EMP0032,Registry / Records Administration,4,3,4,5,4,3,2,1,0,2,0,0,0,2,2,4,31.25,Moderate Gap
EMP0033,Registry / Records Administration,5,4,5,3,5,2,2,5,0,1,0,1,0,3,2,0,21.875,Low Gap
EMP0034,Registry / Records Administration,5,2,2,3,3,1,3,1,0,3,2,1,1,4,1,4,50.0,High Gap
EMP0035,Registry / Records Administration,1,4,2,1,3,2,4,3,3,1,2,3,1,3,0,2,46.875,Moderate Gap
EMP0036,Registry / Records Administration,1,5,4,4,1,4,2,5,3,0,0,0,3,1,2,0,28.125,Moderate Gap
EMP0037,Registry / Records Administration,4,5,5,2,2,3,1,3,0,0,0,2,2,2,3,2,34.375,Moderate Gap
EMP0038,Registry / Records Administration,1,5,1,3,1,4,4,2,3,0,3,1,3,1,0,3,43.75,Moderate Gap
EMP0039,Registry / Records Administration,4,5,3,3,4,4,3,1,0,0,1,1,0,1,1,4,25.0,Moderate Gap
EMP0040,Registry / Records Administration,5,3,3,2,2,4,5,4,0,2,1,2,2,1,0,1,28.125,Moderate Gap
EMP0041,Registry / Records Administration,4,3,3,5,4,3,1,4,0,2,1,0,0,2,3,1,28.125,Moderate Gap
EMP0042,Registry / Records Administration,3,3,3,4,3,3,1,3,1,2,1,0,1,2,3,2,37.5,Moderate Gap
EMP0043,Registry / Records Administration,2,3,2,2,1,5,5,4,2,2,2,2,3,0,0,1,37.5,Moderate Gap
EMP0044,Registry / Records Administration,3,3,1,3,2,4,5,3,1,2,3,1,2,1,0,2,37.5,Moderate Gap
EMP0045,Registry / Records Administration,5,3,5,5,5,5,5,5,0,2,0,0,0,0,0,0,6.25,Low Gap
EMP0046,Registry / Records Administration,1,4,3,1,1,4,2,4,3,1,1,3,3,1,2,1,46.875,Moderate Gap
EMP0047,Registry / Records Administration,5,5,5,2,1,5,4,4,0,0,0,2,3,0,0,1,18.75,Low Gap
EMP0048,Registry / Records Administration,4,3,1,4,3,4,1,2,0,2,3,0,1,1,3,3,40.625,Moderate Gap
EMP0049,Registry / Records Administration,5,5,5,1,1,5,2,5,0,0,0,3,3,0,2,0,25.0,Moderate Gap
EMP0050,Registry / Records Administration,4,3,1,4,4,2,5,1,0,2,3,0,0,3,0,4,37.5,Moderate Gap
EMP0051,Registry / Records Administration,4,5,4,4,5,2,5,3,0,0,0,0,0,3,0,2,15.625,Low Gap
EMP0052,Registry / Records Administration,3,5,1,2,4,5,1,3,1,0,3,2,0,0,3,2,34.375,Moderate Gap
EMP0053,Registry / Records Administration,5,4,3,3,1,5,5,4,0,1,1,1,3,0,0,1,21.875,Low Gap
EMP0054,Registry / Records Administration,5,5,5,5,5,3,3,2,0,0,0,0,0,2,1,3,18.75,Low Gap
EMP0055,Registry / Records Administration,3,5,5,2,2,2,3,1,1,0,0,2,2,3,1,4,40.625,Moderate Gap
EMP0056,Registry / Records Administration,3,4,4,1,1,1,4,1,1,1,0,3,3,4,0,4,50.0,High Gap
EMP0057,Registry / Records Administration,4,5,2,5,4,5,5,4,0,0,2,0,0,0,0,1,9.375,Low Gap
EMP0058,Registry / Records Administration,2,5,4,1,4,3,4,5,2,0,0,3,0,2,0,0,21.875,Low Gap
EMP0059,Registry / Records Administration,2,3,2,3,1,1,4,1,2,2,2,1,3,4,0,4,56.25,High Gap
EMP0060,Registry / Records Administration,3,3,4,3,5,5,5,3,1,2,0,1,0,0,0,2,18.75,Low Gap
EMP0061,Registry / Records Administration,3,4,1,3,1,4,2,4,1,1,3,1,3,1,2,1,40.625,Moderate Gap
EMP0062,Registry / Records Administration,2,3,5,3,3,1,1,1,2,2,0,1,1,4,3,4,53.125,High Gap
EMP0063,Registry / Records Administration,1,3,3,2,2,5,3,3,3,2,1,2,2,0,1,2,40.625,Moderate Gap
EMP0064,Registry / Records Administration,5,2,3,2,1,5,2,5,0,3,1,2,3,0,2,0,34.375,Moderate Gap
EMP0065,Registry / Records Administration,5,1,5,2,5,5,3,4,0,4,0,2,0,0,1,1,25.0,Moderate Gap
EMP0066,Registry / Records Administration,3,5,2,5,3,3,3,1,1,0,2,0,1,2,1,4,34.375,Moderate Gap
EMP0067,Registry / Records Administration,1,4,1,3,2,5,1,5,3,1,3,1,2,0,3,0,40.625,Moderate Gap
EMP0068,Registry / Records Administration,2,2,1,3,2,4,2,1,2,3,3,1,2,1,2,4,56.25,High Gap
EMP0069,Registry / Records Administration,3,4,5,3,3,5,2,5,1,1,0,1,1,0,2,0,18.75,Low Gap
EMP0070,Registry / Records Administration,2,2,3,3,5,1,4,2,2,3,1,1,0,4,0,3,43.75,Moderate Gap
EMP0071,Registry / Records Administration,5,3,5,3,2,5,2,2,0,2,0,1,2,0,2,3,31.25,Moderate Gap
EMP0072,Registry / Records Administration,1,5,4,4,4,5,1,1,3,0,0,0,0,0,3,4,31.25,Moderate Gap
EMP0073,Registry / Records Administration,1,4,3,3,3,3,1,5,3,1,1,1,1,2,3,0,37.5,Moderate Gap
EMP0074,Registry / Records Administration,2,4,4,3,3,3,3,4,2,1,0,1,1,2,1,1,28.125,Moderate Gap
EMP0075,Registry / Records Administration,5,4,3,5,5,3,5,5,0,1,1,0,0,2,0,0,12.5,Low Gap
EMP0076,Registry / Records Administration,4,3,4,5,3,5,4,1,0,2,0,0,1,0,0,4,21.875,Low Gap
EMP0077,Registry / Records Administration,3,5,2,5,4,5,3,1,1,0,2,0,0,0,1,4,25.0,Moderate Gap
EMP0078,Registry / Records Administration,1,3,3,4,3,2,1,2,3,2,1,0,1,3,3,3,50.0,High Gap
EMP0079,Registry / Records Administration,2,3,5,1,4,4,4,5,2,2,0,3,0,1,0,0,25.0,Moderate Gap
EMP0080,Registry / Records Administration,5,2,5,3,2,3,1,1,0,3,0,1,2,2,3,4,46.875,Moderate Gap
EMP0081,Registry / Records Administration,5,4,5,4,3,3,4,5,0,1,0,0,1,2,0,0,12.5,Low Gap
EMP0082,Registry / Records Administration,4,1,2,2,5,5,3,4,0,4,2,2,0,0,1,1,31.25,Moderate Gap
EMP0083,Registry / Records Administration,3,3,4,2,1,5,1,3,1,2,0,2,3,0,3,2,40.625,Moderate Gap
EMP0084,Registry / Records Administration,1,4,4,5,5,2,2,1,3,1,0,0,0,3,2,4,40.625,Moderate Gap
EMP0085,Registry / Records Administration,2,4,4,4,5,2,1,1,2,1,0,0,0,3,3,4,40.625,Moderate Gap
EMP0086,Registry / Records Administration,4,4,2,2,3,5,2,4,0,1,2,2,1,0,2,1,28.125,Moderate Gap
EMP0087,Registry / Records Administration,3,5,5,5,4,5,1,2,1,0,0,0,0,0,3,3,21.875,Low Gap
EMP0088,Registry / Records Administration,4,1,1,5,4,1,1,2,0,4,3,0,0,4,3,3,53.125,High Gap
EMP0089,Registry / Records Administration,3,5,5,2,2,4,4,4,1,0,0,2,2,1,0,1,21.875,Low Gap
EMP0090,Registry / Records Administration,4,4,3,5,5,3,1,1,0,1,1,0,0,2,3,4,34.375,Moderate Gap
EMP0091,Registry / Records Administration,5,2,2,3,3,4,5,2,0,3,2,1,1,1,0,3,34.375,Moderate Gap
EMP0092,Registry / Records Administration,4,3,1,5,4,5,3,5,0,2,3,0,0,0,1,0,18.75,Low Gap
EMP0093,Registry / Records Administration,4,3,1,5,3,3,5,5,0,2,3,0,1,2,0,0,25.0,Moderate Gap
EMP0094,Registry / Records Administration,3,3,3,5,3,3,5,2,1,2,1,0,1,2,0,3,31.25,Moderate Gap
EMP0095,Registry / Records Administration,2,2,5,3,3,2,4,1,2,3,0,1,1,3,0,4,43.75,Moderate Gap
EMP0096,Registry / Records Administration,1,2,2,2,1,5,5,3,3,3,2,2,3,0,0,2,46.875,Moderate Gap
EMP0097,Registry / Records Administration,1,3,2,5,5,3,3,5,3,2,2,0,0,2,1,0,31.25,Moderate Gap
EMP0098,Registry / Records Administration,5,5,5,2,5,3,1,2,0,0,0,2,0,2,3,3,31.25,Moderate Gap
EMP0099,Registry / Records Administration,3,3,4,3,5,4,5,3,1,2,0,1,0,1,0,2,21.875,Low Gap
EMP0100,Registry / Records Administration,1,1,1,1,2,3,2,1,3,4,3,3,2,2,2,4,71.875,High Gap
EMP0101,Registry / Records Administration,3,3,5,5,5,2,1,1,1,2,0,0,0,3,3,4,40.625,Moderate Gap
EMP0102,Registry / Records Administration,5,3,5,5,5,5,2,3,0,2,0,0,0,0,2,2,18.75,Low Gap
EMP0103,Registry / Records Administration,1,4,3,1,3,2,2,1,3,1,1,3,1,3,2,4,56.25,High Gap
EMP0104,Registry / Records Administration,1,3,4,5,5,4,2,2,3,2,0,0,0,1,2,3,34.375,Moderate Gap
EMP0105,Registry / Records Administration,1,5,1,3,4,3,1,4,3,0,3,1,0,2,3,1,40.625,Moderate Gap
EMP0106,Registry / Records Administration,5,1,1,2,2,4,3,5,0,4,3,2,2,1,1,0,40.625,Moderate Gap
EMP0107,Registry / Records Administration,1,5,2,5,5,1,2,2,3,0,2,0,0,4,2,3,43.75,Moderate Gap
EMP0108,Registry / Records Administration,3,3,3,5,3,5,5,5,1,2,1,0,1,0,0,0,15.625,Low Gap
EMP0109,Registry / Records Administration,5,5,4,5,3,4,5,4,0,0,0,0,1,1,0,1,9.375,Low Gap
EMP0110,Registry / Records Administration,3,5,4,1,1,5,5,1,1,0,0,3,3,0,0,4,34.375,Moderate Gap
EMP0111,Registry / Records Administration,5,5,5,4,4,4,4,5,0,0,0,0,0,1,0,0,3.125,Low Gap
EMP0112,Registry / Records Administration,4,2,4,5,5,5,5,5,0,3,0,0,0,0,0,0,9.375,Low Gap
EMP0113,Registry / Records Administration,5,3,2,2,2,2,1,2,0,2,2,2,2,3,3,3,53.125,High Gap
EMP0114,Registry / Records Administration,3,1,2,3,5,5,5,5,1,4,2,1,0,0,0,0,25.0,Moderate Gap
EMP0115,Registry / Records Administration,5,3,4,4,3,4,5,4,0,2,0,0,1,1,0,1,15.625,Low Gap
EMP0116,Registry / Records Administration,4,5,5,4,1,4,1,3,0,0,0,0,3,1,3,2,28.125,Moderate Gap
EMP0117,Registry / Records Administration,3,5,3,1,3,4,2,3,1,0,1,3,1,1,2,2,34.375,Moderate Gap
EMP0118,Registry / Records Administration,5,3,2,2,3,1,1,3,0,2,2,2,1,4,3,2,50.0,High Gap
EMP0119,Registry / Records Administration,5,1,1,3,5,5,3,5,0,4,3,1,0,0,1,0,28.125,Moderate Gap
EMP0120,Registry / Records Administration,1,4,1,2,5,5,3,5,3,1,3,2,0,0,1,0,31.25,Moderate Gap
EMP0121,Registry / Records Administration,5,2,5,4,5,5,5,5,0,3,0,0,0,0,0,0,9.375,Low Gap
EMP0122,Registry / Records Administration,4,4,2,3,3,5,2,3,0,1,2,1,1,0,2,2,28.125,Moderate Gap
EMP0123,Registry / Records Administration,5,3,4,1,1,5,1,3,0,2,0,3,3,0,3,2,40.625,Moderate Gap
EMP0124,Registry / Records Administration,3,2,1,5,5,2,1,3,1,3,3,0,0,3,3,2,46.875,Moderate Gap
EMP0125,Registry / Records Administration,1,3,1,3,4,3,1,3,3,2,3,1,0,2,3,2,50.0,High Gap
EMP0126,Registry / Records Administration,1,5,1,3,2,2,5,4,3,0,3,1,2,3,0,1,40.625,Moderate Gap
EMP0127,Registry / Records Administration,1,3,1,5,3,1,1,1,3,2,3,0,1,4,3,4,62.5,High Gap
EMP0128,Registry / Records Administration,1,3,2,1,1,3,5,3,3,2,2,3,3,2,0,2,53.125,High Gap
EMP0129,Registry / Records Administration,2,3,3,3,4,5,1,5,2,2,1,1,0,0,3,0,28.125,Moderate Gap
EMP0130,Registry / Records Administration,5,4,4,1,1,4,3,4,0,1,0,3,3,1,1,1,31.25,Moderate Gap
EMP0131,Registry / Records Administration,4,4,1,5,5,5,5,5,0,1,3,0,0,0,0,0,12.5,Low Gap
EMP0132,Registry / Records Administration,4,4,3,2,3,3,4,1,0,1,1,2,1,2,0,4,34.375,Moderate Gap
EMP0133,Registry / Records Administration,5,3,1,1,2,2,5,2,0,2,3,3,2,3,0,3,50.0,High Gap
EMP0134,Registry / Records Administration,5,3,4,5,5,2,4,3,0,2,0,0,0,3,0,2,21.875,Low Gap
EMP0135,Registry / Records Administration,5,5,4,4,1,5,5,5,0,0,0,0,3,0,0,0,9.375,Low Gap
EMP0136,Registry / Records Administration,2,3,4,1,1,2,4,1,2,2,0,3,3,3,0,4,53.125,High Gap
EMP0137,Registry / Records Administration,4,5,5,2,4,5,3,5,0,0,0,2,0,0,1,0,9.375,Low Gap
EMP0138,Registry / Records Administration,5,1,2,5,4,4,5,3,0,4,2,0,0,1,0,2,28.125,Moderate Gap
EMP0139,Registry / Records Administration,5,5,5,4,4,3,2,5,0,0,0,0,0,2,2,0,12.5,Low Gap
EMP0140,Registry / Records Administration,2,5,5,2,3,4,3,1,2,0,0,2,1,1,1,4,34.375,Moderate Gap
EMP0141,Registry / Records Administration,2,5,4,2,5,5,1,2,2,0,0,2,0,0,3,3,31.25,Moderate Gap
EMP0142,Registry / Records Administration,4,4,5,5,5,5,4,5,0,1,0,0,0,0,0,0,3.125,Low Gap
EMP0143,Registry / Records Administration,3,2,4,4,4,5,3,5,1,3,0,0,0,0,1,0,15.625,Low Gap
EMP0144,Registry / Records Administration,3,3,2,5,2,5,1,4,1,2,2,0,2,0,3,1,34.375,Moderate Gap
EMP0145,Registry / Records Administration,3,3,5,3,1,3,4,1,1,2,0,1,3,2,0,4,40.625,Moderate Gap
EMP0146,Registry / Records Administration,3,3,3,5,5,3,4,4,1,2,1,0,0,2,0,1,21.875,Low Gap
EMP0147,Registry / Records Administration,1,4,5,2,3,4,4,2,3,1,0,2,1,1,0,3,34.375,Moderate Gap
EMP0148,Registry / Records Administration,5,2,5,5,3,4,4,4,0,3,0,0,1,1,0,1,18.75,Low Gap
EMP0149,Registry / Records Administration,5,5,5,4,3,5,2,5,0,0,0,0,1,0,2,0,9.375,Low Gap
EMP0150,Registry / Records Administration,2,4,1,3,5,3,1,3,2,1,3,1,0,2,3,2,43.75,Moderate Gap
EMP0151,Registry / Records Administration,1,5,4,2,3,4,2,5,3,0,0,2,1,1,2,0,28.125,Moderate Gap
EMP0152,Registry / Records Administration,5,2,2,5,4,3,2,4,0,3,2,0,0,2,2,1,31.25,Moderate Gap
EMP0153,Registry / Records Administration,2,5,2,5,4,3,5,2,2,0,2,0,0,2,0,3,28.125,Moderate Gap
EMP0154,Registry / Records Administration,1,3,3,5,3,5,5,5,3,2,1,0,1,0,0,0,21.875,Low Gap
EMP0155,Registry / Records Administration,4,4,4,5,3,3,5,3,0,1,0,0,1,2,0,2,18.75,Low Gap
EMP0156,Registry / Records Administration,1,4,2,2,5,3,4,1,3,1,2,2,0,2,0,4,43.75,Moderate Gap
EMP0157,Registry / Records Administration,4,5,4,3,5,3,4,4,0,0,0,1,0,2,0,1,12.5,Low Gap
EMP0158,Registry / Records Administration,5,3,5,5,3,2,5,2,0,2,0,0,1,3,0,3,28.125,Moderate Gap
EMP0159,Registry / Records Administration,2,5,2,5,5,3,2,5,2,0,2,0,0,2,2,0,25.0,Moderate Gap
EMP0160,Registry / Records Administration,3,5,4,4,5,5,1,3,1,0,0,0,0,0,3,2,18.75,Low Gap
EMP0161,Registry / Records Administration,5,3,5,2,1,3,3,4,0,2,0,2,3,2,1,1,34.375,Moderate Gap
EMP0162,Registry / Records Administration,2,1,1,2,3,2,5,3,2,4,3,2,1,3,0,2,53.125,High Gap
EMP0163,Registry / Records Administration,5,4,4,2,4,2,5,5,0,1,0,2,0,3,0,0,18.75,Low Gap
EMP0164,Registry / Records Administration,1,4,1,1,4,4,1,4,3,1,3,3,0,1,3,1,46.875,Moderate Gap
EMP0165,Registry / Records Administration,5,3,5,4,4,3,5,3,0,2,0,0,0,2,0,2,18.75,Low Gap
EMP0166,Registry / Records Administration,5,3,1,2,1,2,2,3,0,2,3,2,3,3,2,2,53.125,High Gap
EMP0167,Registry / Records Administration,3,1,1,5,5,5,1,3,1,4,3,0,0,0,3,2,40.625,Moderate Gap
EMP0168,Registry / Records Administration,1,3,5,4,1,4,1,1,3,2,0,0,3,1,3,4,50.0,High Gap
EMP0169,Registry / Records Administration,4,5,4,2,2,5,3,3,0,0,0,2,2,0,1,2,21.875,Low Gap
EMP0170,Registry / Records Administration,1,4,5,2,5,5,4,4,3,1,0,2,0,0,0,1,21.875,Low Gap
EMP0171,Registry / Records Administration,5,3,5,5,5,5,1,5,0,2,0,0,0,0,3,0,15.625,Low Gap
EMP0172,Registry / Records Administration,4,3,2,4,3,4,4,5,0,2,2,0,1,1,0,0,18.75,Low Gap
EMP0173,Registry / Records Administration,2,2,2,5,5,3,4,5,2,3,2,0,0,2,0,0,28.125,Moderate Gap
EMP0174,Registry / Records Administration,2,1,1,2,1,1,2,1,2,4,3,2,3,4,2,4,75.0,High Gap
EMP0175,Registry / Records Administration,3,4,5,5,5,4,4,3,1,1,0,0,0,1,0,2,15.625,Low Gap
EMP0176,Registry / Records Administration,4,5,5,3,3,3,5,1,0,0,0,1,1,2,0,4,25.0,Moderate Gap
EMP0177,Registry / Records Administration,3,1,1,3,3,4,4,4,1,4,3,1,1,1,0,1,37.5,Moderate Gap
EMP0178,Registry / Records Administration,4,5,5,4,1,5,5,2,0,0,0,0,3,0,0,3,18.75,Low Gap
EMP0179,Registry / Records Administration,1,2,3,5,2,5,1,5,3,3,1,0,2,0,3,0,37.5,Moderate Gap
EMP0180,Registry / Records Administration,3,3,5,3,4,5,3,4,1,2,0,1,0,0,1,1,18.75,Low Gap
EMP0181,Registry / Records Administration,5,5,5,4,3,2,2,3,0,0,0,0,1,3,2,2,25.0,Moderate Gap
EMP0182,Registry / Records Administration,5,5,5,5,5,3,3,5,0,0,0,0,0,2,1,0,9.375,Low Gap
EMP0183,Registry / Records Administration,2,5,4,3,2,4,4,5,2,0,0,1,2,1,0,0,18.75,Low Gap
EMP0184,Registry / Records Administration,1,2,2,5,4,3,1,2,3,3,2,0,0,2,3,3,50.0,High Gap
EMP0185,Registry / Records Administration,5,1,5,1,1,1,3,2,0,4,0,3,3,4,1,3,56.25,High Gap
EMP0186,Registry / Records Administration,2,4,4,4,2,4,1,1,2,1,0,0,2,1,3,4,40.625,Moderate Gap
EMP0187,Registry / Records Administration,4,1,1,3,2,4,1,1,0,4,3,1,2,1,3,4,56.25,High Gap
EMP0188,Registry / Records Administration,4,3,1,5,3,3,5,5,0,2,3,0,1,2,0,0,25.0,Moderate Gap
EMP0189,Registry / Records Administration,2,5,5,3,1,4,3,4,2,0,0,1,3,1,1,1,28.125,Moderate Gap
EMP0190,Registry / Records Administration,3,1,2,4,4,5,3,5,1,4,2,0,0,0,1,0,25.0,Moderate Gap
EMP0191,Registry / Records Administration,1,4,1,3,3,5,4,5,3,1,3,1,1,0,0,0,28.125,Moderate Gap
EMP0192,Registry / Records Administration,5,2,2,5,5,5,5,1,0,3,2,0,0,0,0,4,28.125,Moderate Gap
EMP0193,Registry / Records Administration,3,5,1,4,5,5,5,3,1,0,3,0,0,0,0,2,18.75,Low Gap
EMP0194,Registry / Records Administration,3,5,5,5,5,5,1,4,1,0,0,0,0,0,3,1,15.625,Low Gap
EMP0195,Registry / Records Administration,2,2,1,1,2,5,3,5,2,3,3,3,2,0,1,0,43.75,Moderate Gap
EMP0196,Registry / Records Administration,2,5,5,4,4,1,5,3,2,0,0,0,0,4,0,2,25.0,Moderate Gap
EMP0197,Registry / Records Administration,5,4,5,4,4,3,2,4,0,1,0,0,0,2,2,1,18.75,Low Gap
EMP0198,Registry / Records Administration,2,3,4,5,3,4,4,1,2,2,0,0,1,1,0,4,31.25,Moderate Gap
EMP0199,Registry / Records Administration,2,2,4,5,3,5,2,5,2,3,0,0,1,0,2,0,25.0,Moderate Gap
EMP0200,Registry / Records Administration,4,5,4,2,2,5,1,4,0,0,0,2,2,0,3,1,25.0,Moderate Gap
EMP0201,Human Resources Administration,5,1,2,5,3,5,1,3,0,4,2,0,1,0,3,2,37.5,Moderate Gap
EMP0202,Human Resources Administration,5,4,5,3,4,2,3,3,0,1,0,2,0,3,1,2,28.125,Moderate Gap
EMP0203,Human Resources Administration,5,5,5,5,5,2,1,1,0,0,0,0,0,3,3,4,31.25,Moderate Gap
EMP0204,Human Resources Administration,3,4,5,2,3,3,2,1,1,1,0,3,1,2,2,4,43.75,Moderate Gap
EMP0205,Human Resources Administration,3,5,5,3,2,5,3,4,1,0,0,2,2,0,1,1,21.875,Low Gap
EMP0206,Human Resources Administration,4,1,3,2,3,4,4,5,0,4,1,3,1,1,0,0,31.25,Moderate Gap
EMP0207,Human Resources Administration,4,3,1,4,2,5,4,5,0,2,3,1,2,0,0,0,25.0,Moderate Gap
EMP0208,Human Resources Administration,4,2,3,4,4,3,4,1,0,3,1,1,0,2,0,4,34.375,Moderate Gap
EMP0209,Human Resources Administration,3,4,2,5,5,3,5,5,1,1,2,0,0,2,0,0,18.75,Low Gap
EMP0210,Human Resources Administration,5,5,3,5,4,5,3,5,0,0,1,0,0,0,1,0,6.25,Low Gap
EMP0211,Human Resources Administration,3,4,5,5,5,2,5,1,1,1,0,0,0,3,0,4,28.125,Moderate Gap
EMP0212,Human Resources Administration,2,3,3,1,1,3,2,3,2,2,1,4,3,2,2,2,56.25,High Gap
EMP0213,Human Resources Administration,2,1,2,3,2,5,4,5,2,4,2,2,2,0,0,0,37.5,Moderate Gap
EMP0214,Human Resources Administration,2,5,5,1,1,5,3,3,2,0,0,4,3,0,1,2,37.5,Moderate Gap
EMP0215,Human Resources Administration,5,2,5,5,5,5,3,1,0,3,0,0,0,0,1,4,25.0,Moderate Gap
EMP0216,Human Resources Administration,3,3,2,3,4,3,5,5,1,2,2,2,0,2,0,0,28.125,Moderate Gap
EMP0217,Human Resources Administration,5,5,5,3,5,2,3,3,0,0,0,2,0,3,1,2,25.0,Moderate Gap
EMP0218,Human Resources Administration,2,5,1,5,5,4,2,3,2,0,3,0,0,1,2,2,31.25,Moderate Gap
EMP0219,Human Resources Administration,4,4,1,5,4,2,5,1,0,1,3,0,0,3,0,4,34.375,Moderate Gap
EMP0220,Human Resources Administration,1,5,5,5,5,5,5,3,3,0,0,0,0,0,0,2,15.625,Low Gap
EMP0221,Human Resources Administration,5,3,4,3,4,4,4,5,0,2,0,2,0,1,0,0,15.625,Low Gap
EMP0222,Human Resources Administration,5,5,3,5,3,5,5,4,0,0,1,0,1,0,0,1,9.375,Low Gap
EMP0223,Human Resources Administration,4,1,2,3,1,4,3,5,0,4,2,2,3,1,1,0,40.625,Moderate Gap
EMP0224,Human Resources Administration,5,4,4,5,2,2,4,4,0,1,0,0,2,3,0,1,21.875,Low Gap
EMP0225,Human Resources Administration,3,4,4,5,4,4,4,5,1,1,0,0,0,1,0,0,9.375,Low Gap
EMP0226,Human Resources Administration,4,4,2,5,4,3,1,3,0,1,2,0,0,2,3,2,31.25,Moderate Gap
EMP0227,Human Resources Administration,3,2,1,5,2,2,3,5,1,3,3,0,2,3,1,0,40.625,Moderate Gap
EMP0228,Human Resources Administration,1,3,5,3,1,4,3,5,3,2,0,2,3,1,1,0,37.5,Moderate Gap
EMP0229,Human Resources Administration,5,4,1,4,2,4,1,4,0,1,3,1,2,1,3,1,37.5,Moderate Gap
EMP0230,Human Resources Administration,4,3,5,3,1,4,3,3,0,2,0,2,3,1,1,2,34.375,Moderate Gap
EMP0231,Human Resources Administration,5,2,3,5,4,3,2,2,0,3,1,0,0,2,2,3,34.375,Moderate Gap
EMP0232,Human Resources Administration,5,5,5,5,4,1,4,1,0,0,0,0,0,4,0,4,25.0,Moderate Gap
EMP0233,Human Resources Administration,1,4,3,3,2,2,3,1,3,1,1,2,2,3,1,4,53.125,High Gap
EMP0234,Human Resources Administration,5,4,5,5,5,4,1,5,0,1,0,0,0,1,3,0,15.625,Low Gap
EMP0235,Human Resources Administration,5,3,4,5,4,5,1,4,0,2,0,0,0,0,3,1,18.75,Low Gap
EMP0236,Human Resources Administration,3,5,4,3,3,4,1,1,1,0,0,2,1,1,3,4,37.5,Moderate Gap
EMP0237,Human Resources Administration,2,3,4,3,3,5,3,4,2,2,0,2,1,0,1,1,28.125,Moderate Gap
EMP0238,Human Resources Administration,3,4,5,5,5,3,2,3,1,1,0,0,0,2,2,2,25.0,Moderate Gap
EMP0239,Human Resources Administration,1,4,1,4,4,4,3,2,3,1,3,1,0,1,1,3,40.625,Moderate Gap
EMP0240,Human Resources Administration,1,4,3,3,2,2,1,1,3,1,1,2,2,3,3,4,59.375,High Gap
EMP0241,Human Resources Administration,2,4,5,2,3,5,2,1,2,1,0,3,1,0,2,4,40.625,Moderate Gap
EMP0242,Human Resources Administration,3,3,4,4,5,1,3,2,1,2,0,1,0,4,1,3,37.5,Moderate Gap
EMP0243,Human Resources Administration,3,5,4,3,3,4,4,5,1,0,0,2,1,1,0,0,15.625,Low Gap
EMP0244,Human Resources Administration,5,5,5,3,3,2,5,5,0,0,0,2,1,3,0,0,18.75,Low Gap
EMP0245,Human Resources Administration,2,3,5,3,3,5,3,4,2,2,0,2,1,0,1,1,28.125,Moderate Gap
EMP0246,Human Resources Administration,4,5,5,5,5,2,2,2,0,0,0,0,0,3,2,3,25.0,Moderate Gap
EMP0247,Human Resources Administration,4,5,4,1,4,5,3,5,0,0,0,4,0,0,1,0,15.625,Low Gap
EMP0248,Human Resources Administration,2,1,1,3,3,5,2,4,2,4,3,2,1,0,2,1,46.875,Moderate Gap
EMP0249,Human Resources Administration,3,1,1,3,5,5,3,1,1,4,3,2,0,0,1,4,46.875,Moderate Gap
EMP0250,Human Resources Administration,3,4,5,3,4,5,1,2,1,1,0,2,0,0,3,3,31.25,Moderate Gap
EMP0251,Human Resources Administration,5,3,2,5,2,1,5,1,0,2,2,0,2,4,0,4,43.75,Moderate Gap
EMP0252,Human Resources Administration,1,4,3,1,1,4,1,1,3,1,1,4,3,1,3,4,62.5,High Gap
EMP0253,Human Resources Administration,5,3,4,2,3,3,3,3,0,2,0,3,1,2,1,2,34.375,Moderate Gap
EMP0254,Human Resources Administration,1,3,1,3,4,2,1,1,3,2,3,2,0,3,3,4,62.5,High Gap
EMP0255,Human Resources Administration,1,3,1,5,3,2,4,3,3,2,3,0,1,3,0,2,43.75,Moderate Gap
EMP0256,Human Resources Administration,4,1,1,2,3,4,2,1,0,4,3,3,1,1,2,4,56.25,High Gap
EMP0257,Human Resources Administration,1,4,3,2,5,1,1,3,3,1,1,3,0,4,3,2,53.125,High Gap
EMP0258,Human Resources Administration,2,2,1,5,3,3,3,2,2,3,3,0,1,2,1,3,46.875,Moderate Gap
EMP0259,Human Resources Administration,5,4,3,1,4,2,4,2,0,1,1,4,0,3,0,3,37.5,Moderate Gap
EMP0260,Human Resources Administration,1,2,2,4,5,5,4,4,3,3,2,1,0,0,0,1,31.25,Moderate Gap
EMP0261,Human Resources Administration,4,3,2,5,5,4,4,5,0,2,2,0,0,1,0,0,15.625,Low Gap
EMP0262,Human Resources Administration,5,3,3,3,4,2,4,4,0,2,1,2,0,3,0,1,28.125,Moderate Gap
EMP0263,Human Resources Administration,3,5,2,3,1,5,5,5,1,0,2,2,3,0,0,0,25.0,Moderate Gap
EMP0264,Human Resources Administration,5,5,5,2,2,3,3,4,0,0,0,3,2,2,1,1,28.125,Moderate Gap
EMP0265,Human Resources Administration,2,3,5,5,3,4,5,5,2,2,0,0,1,1,0,0,18.75,Low Gap
EMP0266,Human Resources Administration,1,4,2,3,3,5,3,1,3,1,2,2,1,0,1,4,43.75,Moderate Gap
EMP0267,Human Resources Administration,3,5,5,4,5,2,3,3,1,0,0,1,0,3,1,2,25.0,Moderate Gap
EMP0268,Human Resources Administration,3,3,5,3,4,2,2,2,1,2,0,2,0,3,2,3,40.625,Moderate Gap
EMP0269,Human Resources Administration,2,5,3,4,3,5,5,5,2,0,1,1,1,0,0,0,15.625,Low Gap
EMP0270,Human Resources Administration,5,2,5,5,4,1,5,3,0,3,0,0,0,4,0,2,28.125,Moderate Gap
EMP0271,Human Resources Administration,1,5,3,5,4,4,3,3,3,0,1,0,0,1,1,2,25.0,Moderate Gap
EMP0272,Human Resources Administration,5,4,4,3,5,1,1,3,0,1,0,2,0,4,3,2,37.5,Moderate Gap
EMP0273,Human Resources Administration,5,5,5,3,5,3,3,5,0,0,0,2,0,2,1,0,15.625,Low Gap
EMP0274,Human Resources Administration,1,5,3,4,2,5,1,5,3,0,1,1,2,0,3,0,31.25,Moderate Gap
EMP0275,Human Resources Administration,3,3,4,5,3,3,3,1,1,2,0,0,1,2,1,4,34.375,Moderate Gap
EMP0276,Human Resources Administration,4,2,2,4,4,3,1,4,0,3,2,1,0,2,3,1,37.5,Moderate Gap
EMP0277,Human Resources Administration,5,3,4,3,3,5,5,4,0,2,0,2,1,0,0,1,18.75,Low Gap
EMP0278,Human Resources Administration,2,3,1,5,3,5,2,2,2,2,3,0,1,0,2,3,40.625,Moderate Gap
EMP0279,Human Resources Administration,5,1,5,3,4,1,5,4,0,4,0,2,0,4,0,1,34.375,Moderate Gap
EMP0280,Human Resources Administration,4,3,2,2,5,3,1,2,0,2,2,3,0,2,3,3,46.875,Moderate Gap
EMP0281,Human Resources Administration,3,3,4,3,2,5,5,3,1,2,0,2,2,0,0,2,28.125,Moderate Gap
EMP0282,Human Resources Administration,4,5,3,5,5,3,4,5,0,0,1,0,0,2,0,0,9.375,Low Gap
EMP0283,Human Resources Administration,1,3,3,4,3,3,1,3,3,2,1,1,1,2,3,2,46.875,Moderate Gap
EMP0284,Human Resources Administration,5,4,3,5,5,4,3,3,0,1,1,0,0,1,1,2,18.75,Low Gap
EMP0285,Human Resources Administration,4,5,5,5,5,4,3,3,0,0,0,0,0,1,1,2,12.5,Low Gap
EMP0286,Human Resources Administration,4,1,4,5,5,5,4,5,0,4,0,0,0,0,0,0,12.5,Low Gap
EMP0287,Human Resources Administration,2,5,3,3,1,5,5,5,2,0,1,2,3,0,0,0,25.0,Moderate Gap
EMP0288,Human Resources Administration,5,5,2,2,2,4,5,1,0,0,2,3,2,1,0,4,37.5,Moderate Gap
EMP0289,Human Resources Administration,4,2,5,4,3,4,1,2,0,3,0,1,1,1,3,3,37.5,Moderate Gap
EMP0290,Human Resources Administration,5,5,5,3,3,5,3,5,0,0,0,2,1,0,1,0,12.5,Low Gap
EMP0291,Human Resources Administration,5,2,4,3,3,4,5,3,0,3,0,2,1,1,0,2,28.125,Moderate Gap
EMP0292,Human Resources Administration,4,2,2,5,5,2,2,1,0,3,2,0,0,3,2,4,43.75,Moderate Gap
EMP0293,Human Resources Administration,4,4,2,5,5,1,3,5,0,1,2,0,0,4,1,0,25.0,Moderate Gap
EMP0294,Human Resources Administration,3,4,5,3,4,2,5,5,1,1,0,2,0,3,0,0,21.875,Low Gap
EMP0295,Human Resources Administration,3,5,4,2,2,5,2,1,1,0,0,3,2,0,2,4,37.5,Moderate Gap
EMP0296,Human Resources Administration,1,1,2,4,2,3,2,2,3,4,2,1,2,2,2,3,59.375,High Gap
EMP0297,Human Resources Administration,2,5,5,2,2,3,3,2,2,0,0,3,2,2,1,3,40.625,Moderate Gap
EMP0298,Human Resources Administration,5,5,1,2,2,2,3,5,0,0,3,3,2,3,1,0,37.5,Moderate Gap
EMP0299,Human Resources Administration,4,5,4,4,4,2,2,5,0,0,0,1,0,3,2,0,18.75,Low Gap
EMP0300,Human Resources Administration,3,4,3,5,3,1,3,1,1,1,1,0,1,4,1,4,40.625,Moderate Gap
EMP0301,Human Resources Administration,2,2,1,3,2,3,1,1,2,3,3,2,2,2,3,4,65.625,High Gap
EMP0302,Human Resources Administration,3,3,5,5,3,3,4,2,1,2,0,0,1,2,0,3,28.125,Moderate Gap
EMP0303,Human Resources Administration,2,5,4,5,5,2,4,5,2,0,0,0,0,3,0,0,15.625,Low Gap
EMP0304,Human Resources Administration,5,4,4,5,5,4,5,3,0,1,0,0,0,1,0,2,12.5,Low Gap
EMP0305,Human Resources Administration,3,5,4,5,5,4,3,2,1,0,0,0,0,1,1,3,18.75,Low Gap
EMP0306,Human Resources Administration,5,2,3,4,4,2,5,4,0,3,1,1,0,3,0,1,28.125,Moderate Gap
EMP0307,Human Resources Administration,5,2,1,4,4,5,4,5,0,3,3,1,0,0,0,0,21.875,Low Gap
EMP0308,Human Resources Administration,4,2,3,5,5,5,3,3,0,3,1,0,0,0,1,2,21.875,Low Gap
EMP0309,Human Resources Administration,1,2,1,1,4,4,3,5,3,3,3,4,0,1,1,0,46.875,Moderate Gap
EMP0310,Human Resources Administration,4,5,4,2,4,4,3,5,0,0,0,3,0,1,1,0,15.625,Low Gap
EMP0311,Human Resources Administration,1,5,2,5,5,3,1,1,3,0,2,0,0,2,3,4,43.75,Moderate Gap
EMP0312,Human Resources Administration,3,5,5,1,2,5,5,4,1,0,0,4,2,0,0,1,25.0,Moderate Gap
EMP0313,Human Resources Administration,3,4,5,5,4,2,3,4,1,1,0,0,0,3,1,1,21.875,Low Gap
EMP0314,Human Resources Administration,5,4,4,3,5,3,1,1,0,1,0,2,0,2,3,4,37.5,Moderate Gap
EMP0315,Human Resources Administration,4,3,3,5,4,5,2,5,0,2,1,0,0,0,2,0,15.625,Low Gap
EMP0316,Human Resources Administration,1,2,1,3,4,5,4,3,3,3,3,2,0,0,0,2,40.625,Moderate Gap
EMP0317,Human Resources Administration,4,4,2,4,4,5,5,5,0,1,2,1,0,0,0,0,12.5,Low Gap
EMP0318,Human Resources Administration,5,5,3,5,3,4,4,2,0,0,1,0,1,1,0,3,18.75,Low Gap
EMP0319,Human Resources Administration,5,2,2,4,3,5,3,5,0,3,2,1,1,0,1,0,25.0,Moderate Gap
EMP0320,Human Resources Administration,5,3,3,5,1,3,4,3,0,2,1,0,3,2,0,2,31.25,Moderate Gap
EMP0321,Human Resources Administration,2,5,5,3,4,4,2,3,2,0,0,2,0,1,2,2,28.125,Moderate Gap
EMP0322,Human Resources Administration,5,5,5,3,3,2,4,2,0,0,0,2,1,3,0,3,28.125,Moderate Gap
EMP0323,Human Resources Administration,1,3,3,4,4,3,1,2,3,2,1,1,0,2,3,3,46.875,Moderate Gap
EMP0324,Human Resources Administration,5,3,1,2,1,4,5,5,0,2,3,3,3,1,0,0,37.5,Moderate Gap
EMP0325,Human Resources Administration,2,2,3,4,3,4,1,2,2,3,1,1,1,1,3,3,46.875,Moderate Gap
EMP0326,Human Resources Administration,3,3,1,4,4,5,2,5,1,2,3,1,0,0,2,0,28.125,Moderate Gap
EMP0327,Human Resources Administration,3,4,5,4,2,4,5,1,1,1,0,1,2,1,0,4,31.25,Moderate Gap
EMP0328,Human Resources Administration,1,2,1,1,3,3,1,1,3,3,3,4,1,2,3,4,71.875,High Gap
EMP0329,Human Resources Administration,4,3,1,4,5,5,2,2,0,2,3,1,0,0,2,3,34.375,Moderate Gap
EMP0330,Human Resources Administration,3,3,1,2,2,3,1,4,1,2,3,3,2,2,3,1,53.125,High Gap
EMP0331,Human Resources Administration,5,1,4,1,2,3,4,2,0,4,0,4,2,2,0,3,46.875,Moderate Gap
EMP0332,Human Resources Administration,5,4,3,2,5,1,3,4,0,1,1,3,0,4,1,1,34.375,Moderate Gap
EMP0333,Human Resources Administration,3,4,3,3,3,3,2,2,1,1,1,2,1,2,2,3,40.625,Moderate Gap
EMP0334,Human Resources Administration,5,5,5,5,4,5,4,5,0,0,0,0,0,0,0,0,0.0,Low Gap
EMP0335,Human Resources Administration,5,3,3,2,1,5,5,4,0,2,1,3,3,0,0,1,31.25,Moderate Gap
EMP0336,Human Resources Administration,3,3,3,5,4,4,5,2,1,2,1,0,0,1,0,3,25.0,Moderate Gap
EMP0337,Human Resources Administration,2,1,1,1,2,4,3,4,2,4,3,4,2,1,1,1,56.25,High Gap
EMP0338,Human Resources Administration,5,5,4,2,2,1,2,3,0,0,0,3,2,4,2,2,40.625,Moderate Gap
EMP0339,Human Resources Administration,1,1,1,1,2,4,3,3,3,4,3,4,2,1,1,2,62.5,High Gap
EMP0340,Human Resources Administration,3,3,5,3,3,5,4,4,1,2,0,2,1,0,0,1,21.875,Low Gap
EMP0341,Human Resources Administration,4,3,1,4,2,1,2,2,0,2,3,1,2,4,2,3,53.125,High Gap
EMP0342,Human Resources Administration,4,4,3,3,2,4,4,1,0,1,1,2,2,1,0,4,34.375,Moderate Gap
EMP0343,Human Resources Administration,3,1,4,2,3,3,3,2,1,4,0,3,1,2,1,3,46.875,Moderate Gap
EMP0344,Human Resources Administration,5,5,5,5,3,2,5,5,0,0,0,0,1,3,0,0,12.5,Low Gap
EMP0345,Human Resources Administration,5,3,2,5,4,5,4,4,0,2,2,0,0,0,0,1,15.625,Low Gap
EMP0346,Human Resources Administration,5,5,3,2,2,5,5,4,0,0,1,3,2,0,0,1,21.875,Low Gap
EMP0347,Human Resources Administration,1,3,2,3,1,5,3,3,3,2,2,2,3,0,1,2,46.875,Moderate Gap
EMP0348,Human Resources Administration,2,4,3,5,4,4,4,1,2,1,1,0,0,1,0,4,28.125,Moderate Gap
EMP0349,Human Resources Administration,4,4,5,5,3,2,3,3,0,1,0,0,1,3,1,2,25.0,Moderate Gap
EMP0350,Human Resources Administration,2,4,2,3,3,3,3,3,2,1,2,2,1,2,1,2,40.625,Moderate Gap
EMP0351,Human Resources Administration,5,5,4,5,4,3,4,5,0,0,0,0,0,2,0,0,6.25,Low Gap
EMP0352,Human Resources Administration,5,5,5,4,4,5,4,2,0,0,0,1,0,0,0,3,12.5,Low Gap
EMP0353,Human Resources Administration,3,3,3,4,5,2,4,1,1,2,1,1,0,3,0,4,37.5,Moderate Gap
EMP0354,Human Resources Administration,4,4,2,1,3,3,1,4,0,1,2,4,1,2,3,1,43.75,Moderate Gap
EMP0355,Human Resources Administration,1,5,4,1,4,5,4,5,3,0,0,4,0,0,0,0,21.875,Low Gap
EMP0356,Human Resources Administration,1,1,4,5,5,4,1,3,3,4,0,0,0,1,3,2,40.625,Moderate Gap
EMP0357,Human Resources Administration,1,2,1,3,5,5,2,5,3,3,3,2,0,0,2,0,40.625,Moderate Gap
EMP0358,Human Resources Administration,2,2,2,5,5,4,4,4,2,3,2,0,0,1,0,1,28.125,Moderate Gap
EMP0359,Human Resources Administration,5,4,1,4,3,5,3,5,0,1,3,1,1,0,1,0,21.875,Low Gap
EMP0360,Human Resources Administration,3,5,5,4,2,3,2,2,1,0,0,1,2,2,2,3,34.375,Moderate Gap
EMP0361,Human Resources Administration,2,5,3,3,3,2,5,5,2,0,1,2,1,3,0,0,28.125,Moderate Gap
EMP0362,Human Resources Administration,3,4,5,2,2,5,4,5,1,1,0,3,2,0,0,0,21.875,Low Gap
EMP0363,Human Resources Administration,3,3,2,1,2,5,3,5,1,2,2,4,2,0,1,0,37.5,Moderate Gap
EMP0364,Human Resources Administration,5,5,5,2,2,3,5,2,0,0,0,3,2,2,0,3,31.25,Moderate Gap
EMP0365,Human Resources Administration,1,5,3,4,4,2,2,2,3,0,1,1,0,3,2,3,40.625,Moderate Gap
EMP0366,Human Resources Administration,5,5,4,5,4,3,1,1,0,0,0,0,0,2,3,4,28.125,Moderate Gap
EMP0367,Human Resources Administration,4,2,2,3,4,3,1,1,0,3,2,2,0,2,3,4,50.0,High Gap
EMP0368,Human Resources Administration,5,5,2,4,4,4,4,3,0,0,2,1,0,1,0,2,18.75,Low Gap
EMP0369,Human Resources Administration,3,4,1,3,4,4,3,1,1,1,3,2,0,1,1,4,40.625,Moderate Gap
EMP0370,Human Resources Administration,5,5,5,4,2,3,5,1,0,0,0,1,2,2,0,4,28.125,Moderate Gap
EMP0371,Human Resources Administration,5,3,3,5,4,3,4,5,0,2,1,0,0,2,0,0,15.625,Low Gap
EMP0372,Human Resources Administration,1,3,2,2,1,5,5,5,3,2,2,3,3,0,0,0,40.625,Moderate Gap
EMP0373,Human Resources Administration,5,5,5,4,4,1,2,3,0,0,0,1,0,4,2,2,28.125,Moderate Gap
EMP0374,Human Resources Administration,4,5,4,4,4,5,5,5,0,0,0,1,0,0,0,0,3.125,Low Gap
EMP0375,Human Resources Administration,5,5,5,5,5,3,1,4,0,0,0,0,0,2,3,1,18.75,Low Gap
EMP0376,Human Resources Administration,5,1,4,5,4,4,3,5,0,4,0,0,0,1,1,0,18.75,Low Gap
EMP0377,Human Resources Administration,5,3,5,4,4,5,5,4,0,2,0,1,0,0,0,1,12.5,Low Gap
EMP0378,Human Resources Administration,4,2,3,3,2,2,3,3,0,3,1,2,2,3,1,2,43.75,Moderate Gap
EMP0379,Human Resources Administration,1,5,5,5,3,3,3,3,3,0,0,0,1,2,1,2,28.125,Moderate Gap
EMP0380,Human Resources Administration,2,1,1,3,5,4,2,4,2,4,3,2,0,1,2,1,46.875,Moderate Gap
EMP0381,Human Resources Administration,4,4,5,4,4,4,5,3,0,1,0,1,0,1,0,2,15.625,Low Gap
EMP0382,Human Resources Administration,5,2,4,4,3,2,5,5,0,3,0,1,1,3,0,0,25.0,Moderate Gap
EMP0383,Human Resources Administration,5,3,5,5,4,4,3,5,0,2,0,0,0,1,1,0,12.5,Low Gap
EMP0384,Human Resources Administration,1,1,1,5,5,5,4,4,3,4,3,0,0,0,0,1,34.375,Moderate Gap
EMP0385,Human Resources Administration,3,2,1,4,2,4,5,5,1,3,3,1,2,1,0,0,34.375,Moderate Gap
EMP0386,Human Resources Administration,4,5,5,3,4,5,5,5,0,0,0,2,0,0,0,0,6.25,Low Gap
EMP0387,Human Resources Administration,3,3,4,5,5,5,3,5,1,2,0,0,0,0,1,0,12.5,Low Gap
EMP0388,Human Resources Administration,2,5,1,5,4,3,3,4,2,0,3,0,0,2,1,1,28.125,Moderate Gap
EMP0389,Human Resources Administration,5,5,5,2,4,5,3,1,0,0,0,3,0,0,1,4,25.0,Moderate Gap
EMP0390,Human Resources Administration,3,5,5,5,4,4,1,1,1,0,0,0,0,1,3,4,28.125,Moderate Gap
EMP0391,Human Resources Administration,5,5,5,3,3,2,2,5,0,0,0,2,1,3,2,0,25.0,Moderate Gap
EMP0392,Human Resources Administration,3,2,1,4,4,4,1,1,1,3,3,1,0,1,3,4,50.0,High Gap
EMP0393,Human Resources Administration,1,2,1,5,2,2,4,1,3,3,3,0,2,3,0,4,56.25,High Gap
EMP0394,Human Resources Administration,2,1,2,2,4,5,1,3,2,4,2,3,0,0,3,2,50.0,High Gap
EMP0395,Human Resources Administration,3,5,3,3,2,4,1,2,1,0,1,2,2,1,3,3,40.625,Moderate Gap
EMP0396,Human Resources Administration,4,2,5,4,5,4,2,1,0,3,0,1,0,1,2,4,34.375,Moderate Gap
EMP0397,Human Resources Administration,5,3,1,2,2,3,5,4,0,2,3,3,2,2,0,1,40.625,Moderate Gap
EMP0398,Human Resources Administration,4,4,2,1,2,5,5,5,0,1,2,4,2,0,0,0,28.125,Moderate Gap
EMP0399,Human Resources Administration,1,5,4,3,4,4,1,3,3,0,0,2,0,1,3,2,34.375,Moderate Gap
EMP0400,Human Resources Administration,2,3,1,1,3,5,1,1,2,2,3,4,1,0,3,4,59.375,High Gap
EMP0401,Finance / Accounts Administration,5,5,3,1,4,4,1,3,0,0,2,3,0,1,3,2,34.375,Moderate Gap
EMP0402,Finance / Accounts Administration,1,2,2,3,4,5,1,3,3,2,3,1,0,0,3,2,43.75,Moderate Gap
EMP0403,Finance / Accounts Administration,2,1,1,3,5,3,3,5,2,3,4,1,0,2,1,0,40.625,Moderate Gap
EMP0404,Finance / Accounts Administration,2,1,1,4,4,5,2,5,2,3,4,0,0,0,2,0,34.375,Moderate Gap
EMP0405,Finance / Accounts Administration,4,5,5,2,5,4,1,5,0,0,0,2,0,1,3,0,18.75,Low Gap
EMP0406,Finance / Accounts Administration,2,2,3,3,4,5,3,5,2,2,2,1,0,0,1,0,25.0,Moderate Gap
EMP0407,Finance / Accounts Administration,3,3,1,3,5,1,2,5,1,1,4,1,0,4,2,0,40.625,Moderate Gap
EMP0408,Finance / Accounts Administration,4,2,2,5,5,3,4,3,0,2,3,0,0,2,0,2,28.125,Moderate Gap
EMP0409,Finance / Accounts Administration,2,5,4,4,3,4,3,3,2,0,1,0,1,1,1,2,25.0,Moderate Gap
EMP0410,Finance / Accounts Administration,5,3,5,5,3,3,1,1,0,1,0,0,1,2,3,4,34.375,Moderate Gap
EMP0411,Finance / Accounts Administration,3,4,3,1,3,1,5,5,1,0,2,3,1,4,0,0,34.375,Moderate Gap
EMP0412,Finance / Accounts Administration,3,2,1,1,1,2,3,3,1,2,4,3,3,3,1,2,59.375,High Gap
EMP0413,Finance / Accounts Administration,1,5,3,3,5,1,1,4,3,0,2,1,0,4,3,1,43.75,Moderate Gap
EMP0414,Finance / Accounts Administration,2,3,1,4,4,4,3,2,2,1,4,0,0,1,1,3,37.5,Moderate Gap
EMP0415,Finance / Accounts Administration,5,3,5,3,4,5,4,4,0,1,0,1,0,0,0,1,9.375,Low Gap
EMP0416,Finance / Accounts Administration,3,5,5,3,2,5,2,5,1,0,0,1,2,0,2,0,18.75,Low Gap
EMP0417,Finance / Accounts Administration,4,5,5,1,1,4,3,3,0,0,0,3,3,1,1,2,31.25,Moderate Gap
EMP0418,Finance / Accounts Administration,5,5,3,3,2,3,3,2,0,0,2,1,2,2,1,3,34.375,Moderate Gap
EMP0419,Finance / Accounts Administration,5,5,5,3,4,4,5,5,0,0,0,1,0,1,0,0,6.25,Low Gap
EMP0420,Finance / Accounts Administration,3,3,2,1,1,5,5,5,1,1,3,3,3,0,0,0,34.375,Moderate Gap
EMP0421,Finance / Accounts Administration,5,3,5,4,4,1,2,5,0,1,0,0,0,4,2,0,21.875,Low Gap
EMP0422,Finance / Accounts Administration,3,3,1,3,2,3,1,3,1,1,4,1,2,2,3,2,50.0,High Gap
EMP0423,Finance / Accounts Administration,5,3,5,2,4,5,5,1,0,1,0,2,0,0,0,4,21.875,Low Gap
EMP0424,Finance / Accounts Administration,4,5,5,3,3,5,1,2,0,0,0,1,1,0,3,3,25.0,Moderate Gap
EMP0425,Finance / Accounts Administration,5,1,2,2,3,1,5,5,0,3,3,2,1,4,0,0,40.625,Moderate Gap
EMP0426,Finance / Accounts Administration,3,1,2,2,2,5,3,3,1,3,3,2,2,0,1,2,43.75,Moderate Gap
EMP0427,Finance / Accounts Administration,4,2,1,3,5,3,3,5,0,2,4,1,0,2,1,0,31.25,Moderate Gap
EMP0428,Finance / Accounts Administration,5,3,2,5,4,3,3,4,0,1,3,0,0,2,1,1,25.0,Moderate Gap
EMP0429,Finance / Accounts Administration,3,4,5,3,5,2,5,1,1,0,0,1,0,3,0,4,28.125,Moderate Gap
EMP0430,Finance / Accounts Administration,1,4,5,3,5,5,2,3,3,0,0,1,0,0,2,2,25.0,Moderate Gap
EMP0431,Finance / Accounts Administration,5,5,2,3,5,5,2,5,0,0,3,1,0,0,2,0,18.75,Low Gap
EMP0432,Finance / Accounts Administration,3,3,1,1,3,4,5,3,1,1,4,3,1,1,0,2,40.625,Moderate Gap
EMP0433,Finance / Accounts Administration,2,4,5,3,2,5,2,2,2,0,0,1,2,0,2,3,31.25,Moderate Gap
EMP0434,Finance / Accounts Administration,5,5,4,2,4,5,2,5,0,0,1,2,0,0,2,0,15.625,Low Gap
EMP0435,Finance / Accounts Administration,4,3,3,1,3,4,4,5,0,1,2,3,1,1,0,0,25.0,Moderate Gap
EMP0436,Finance / Accounts Administration,3,5,5,1,3,2,3,4,1,0,0,3,1,3,1,1,31.25,Moderate Gap
EMP0437,Finance / Accounts Administration,5,4,5,2,1,5,2,4,0,0,0,2,3,0,2,1,25.0,Moderate Gap
EMP0438,Finance / Accounts Administration,2,5,2,3,2,3,1,3,2,0,3,1,2,2,3,2,46.875,Moderate Gap
EMP0439,Finance / Accounts Administration,5,3,5,2,3,1,4,3,0,1,0,2,1,4,0,2,31.25,Moderate Gap
EMP0440,Finance / Accounts Administration,5,3,5,4,5,5,1,1,0,1,0,0,0,0,3,4,25.0,Moderate Gap
EMP0441,Finance / Accounts Administration,5,2,4,1,3,4,5,5,0,2,1,3,1,1,0,0,25.0,Moderate Gap
EMP0442,Finance / Accounts Administration,2,2,2,5,4,3,5,1,2,2,3,0,0,2,0,4,40.625,Moderate Gap
EMP0443,Finance / Accounts Administration,1,3,3,5,4,4,1,4,3,1,2,0,0,1,3,1,34.375,Moderate Gap
EMP0444,Finance / Accounts Administration,1,4,5,5,4,1,2,1,3,0,0,0,0,4,2,4,40.625,Moderate Gap
EMP0445,Finance / Accounts Administration,1,5,5,3,4,5,3,4,3,0,0,1,0,0,1,1,18.75,Low Gap
EMP0446,Finance / Accounts Administration,5,1,4,5,5,2,4,1,0,3,1,0,0,3,0,4,34.375,Moderate Gap
EMP0447,Finance / Accounts Administration,4,5,5,3,3,5,4,3,0,0,0,1,1,0,0,2,12.5,Low Gap
EMP0448,Finance / Accounts Administration,5,2,4,2,2,2,3,1,0,2,1,2,2,3,1,4,46.875,Moderate Gap
EMP0449,Finance / Accounts Administration,2,5,4,4,3,2,2,3,2,0,1,0,1,3,2,2,34.375,Moderate Gap
EMP0450,Finance / Accounts Administration,3,3,5,2,2,3,4,5,1,1,0,2,2,2,0,0,25.0,Moderate Gap
EMP0451,Finance / Accounts Administration,5,4,3,3,3,5,2,5,0,0,2,1,1,0,2,0,18.75,Low Gap
EMP0452,Finance / Accounts Administration,5,5,5,4,4,4,4,1,0,0,0,0,0,1,0,4,15.625,Low Gap
EMP0453,Finance / Accounts Administration,5,1,3,4,2,5,4,5,0,3,2,0,2,0,0,0,21.875,Low Gap
EMP0454,Finance / Accounts Administration,4,3,5,3,5,1,5,5,0,1,0,1,0,4,0,0,18.75,Low Gap
EMP0455,Finance / Accounts Administration,4,3,5,3,3,4,4,2,0,1,0,1,1,1,0,3,21.875,Low Gap
EMP0456,Finance / Accounts Administration,5,1,5,3,5,5,4,1,0,3,0,1,0,0,0,4,25.0,Moderate Gap
EMP0457,Finance / Accounts Administration,4,4,5,5,5,1,2,2,0,0,0,0,0,4,2,3,28.125,Moderate Gap
EMP0458,Finance / Accounts Administration,5,4,4,3,1,2,4,3,0,0,1,1,3,3,0,2,31.25,Moderate Gap
EMP0459,Finance / Accounts Administration,1,3,2,4,5,4,3,1,3,1,3,0,0,1,1,4,40.625,Moderate Gap
EMP0460,Finance / Accounts Administration,1,4,5,4,3,5,1,5,3,0,0,0,1,0,3,0,21.875,Low Gap
EMP0461,Finance / Accounts Administration,1,5,4,5,2,4,4,2,3,0,1,0,2,1,0,3,31.25,Moderate Gap
EMP0462,Finance / Accounts Administration,2,3,2,3,3,3,5,4,2,1,3,1,1,2,0,1,34.375,Moderate Gap
EMP0463,Finance / Accounts Administration,3,5,5,5,4,5,5,5,1,0,0,0,0,0,0,0,3.125,Low Gap
EMP0464,Finance / Accounts Administration,4,4,5,4,4,2,5,5,0,0,0,0,0,3,0,0,9.375,Low Gap
EMP0465,Finance / Accounts Administration,5,2,2,2,2,4,5,5,0,2,3,2,2,1,0,0,31.25,Moderate Gap
EMP0466,Finance / Accounts Administration,3,4,2,2,4,3,4,5,1,0,3,2,0,2,0,0,25.0,Moderate Gap
EMP0467,Finance / Accounts Administration,2,4,2,2,5,3,5,5,2,0,3,2,0,2,0,0,28.125,Moderate Gap
EMP0468,Finance / Accounts Administration,5,4,5,3,2,2,4,1,0,0,0,1,2,3,0,4,31.25,Moderate Gap
EMP0469,Finance / Accounts Administration,1,2,4,3,3,5,1,4,3,2,1,1,1,0,3,1,37.5,Moderate Gap
EMP0470,Finance / Accounts Administration,5,4,5,1,3,3,4,1,0,0,0,3,1,2,0,4,31.25,Moderate Gap
EMP0471,Finance / Accounts Administration,1,2,5,2,5,1,3,1,3,2,0,2,0,4,1,4,50.0,High Gap
EMP0472,Finance / Accounts Administration,5,5,5,5,5,5,5,5,0,0,0,0,0,0,0,0,0.0,Low Gap
EMP0473,Finance / Accounts Administration,5,3,5,3,1,4,4,2,0,1,0,1,3,1,0,3,28.125,Moderate Gap
EMP0474,Finance / Accounts Administration,3,2,1,2,2,2,3,1,1,2,4,2,2,3,1,4,59.375,High Gap
EMP0475,Finance / Accounts Administration,5,3,4,4,5,3,4,5,0,1,1,0,0,2,0,0,12.5,Low Gap
EMP0476,Finance / Accounts Administration,5,5,5,1,1,1,4,2,0,0,0,3,3,4,0,3,40.625,Moderate Gap
EMP0477,Finance / Accounts Administration,5,3,5,1,2,1,4,2,0,1,0,3,2,4,0,3,40.625,Moderate Gap
EMP0478,Finance / Accounts Administration,3,5,5,4,5,1,3,3,1,0,0,0,0,4,1,2,25.0,Moderate Gap
EMP0479,Finance / Accounts Administration,1,3,4,5,4,3,5,1,3,1,1,0,0,2,0,4,34.375,Moderate Gap
EMP0480,Finance / Accounts Administration,3,4,5,1,3,2,3,5,1,0,0,3,1,3,1,0,28.125,Moderate Gap
EMP0481,Finance / Accounts Administration,2,3,4,2,4,5,1,5,2,1,1,2,0,0,3,0,28.125,Moderate Gap
EMP0482,Finance / Accounts Administration,2,4,2,5,5,5,1,3,2,0,3,0,0,0,3,2,31.25,Moderate Gap
EMP0483,Finance / Accounts Administration,3,3,3,3,1,3,3,3,1,1,2,1,3,2,1,2,40.625,Moderate Gap
EMP0484,Finance / Accounts Administration,4,3,4,2,4,5,5,5,0,1,1,2,0,0,0,0,12.5,Low Gap
EMP0485,Finance / Accounts Administration,2,5,5,3,4,5,3,5,2,0,0,1,0,0,1,0,12.5,Low Gap
EMP0486,Finance / Accounts Administration,2,1,4,3,5,5,4,5,2,3,1,1,0,0,0,0,21.875,Low Gap
EMP0487,Finance / Accounts Administration,5,2,5,5,4,4,3,4,0,2,0,0,0,1,1,1,15.625,Low Gap
EMP0488,Finance / Accounts Administration,1,3,3,5,5,5,1,5,3,1,2,0,0,0,3,0,28.125,Moderate Gap
EMP0489,Finance / Accounts Administration,5,1,4,4,1,2,5,5,0,3,1,0,3,3,0,0,31.25,Moderate Gap
EMP0490,Finance / Accounts Administration,2,3,5,3,4,2,1,3,2,1,0,1,0,3,3,2,37.5,Moderate Gap
EMP0491,Finance / Accounts Administration,3,3,2,3,5,2,4,4,1,1,3,1,0,3,0,1,31.25,Moderate Gap
EMP0492,Finance / Accounts Administration,5,3,4,3,2,2,4,3,0,1,1,1,2,3,0,2,31.25,Moderate Gap
EMP0493,Finance / Accounts Administration,1,4,4,4,3,3,5,3,3,0,1,0,1,2,0,2,28.125,Moderate Gap
EMP0494,Finance / Accounts Administration,1,4,4,5,5,4,3,2,3,0,1,0,0,1,1,3,28.125,Moderate Gap
EMP0495,Finance / Accounts Administration,4,5,5,1,1,2,1,5,0,0,0,3,3,3,3,0,37.5,Moderate Gap
EMP0496,Finance / Accounts Administration,3,5,2,3,5,5,3,3,1,0,3,1,0,0,1,2,25.0,Moderate Gap
EMP0497,Finance / Accounts Administration,1,2,1,2,3,3,3,4,3,2,4,2,1,2,1,1,50.0,High Gap
EMP0498,Finance / Accounts Administration,4,2,4,5,3,1,3,1,0,2,1,0,1,4,1,4,40.625,Moderate Gap
EMP0499,Finance / Accounts Administration,5,4,5,2,4,4,2,5,0,0,0,2,0,1,2,0,15.625,Low Gap
EMP0500,Finance / Accounts Administration,3,3,5,2,3,2,3,3,1,1,0,2,1,3,1,2,34.375,Moderate Gap
EMP0501,Finance / Accounts Administration,4,3,5,1,4,3,3,2,0,1,0,3,0,2,1,3,31.25,Moderate Gap
EMP0502,Finance / Accounts Administration,4,5,5,3,4,3,2,5,0,0,0,1,0,2,2,0,15.625,Low Gap
EMP0503,Finance / Accounts Administration,1,2,4,2,1,3,3,5,3,2,1,2,3,2,1,0,43.75,Moderate Gap
EMP0504,Finance / Accounts Administration,4,3,5,1,1,5,3,3,0,1,0,3,3,0,1,2,31.25,Moderate Gap
EMP0505,Finance / Accounts Administration,5,3,5,3,3,3,3,4,0,1,0,1,1,2,1,1,21.875,Low Gap
EMP0506,Finance / Accounts Administration,5,2,4,4,3,2,5,3,0,2,1,0,1,3,0,2,28.125,Moderate Gap
EMP0507,Finance / Accounts Administration,5,4,3,3,2,5,5,5,0,0,2,1,2,0,0,0,15.625,Low Gap
EMP0508,Finance / Accounts Administration,4,2,3,4,2,4,5,4,0,2,2,0,2,1,0,1,25.0,Moderate Gap
EMP0509,Finance / Accounts Administration,4,5,5,3,4,4,2,5,0,0,0,1,0,1,2,0,12.5,Low Gap
EMP0510,Finance / Accounts Administration,5,5,5,3,2,5,2,4,0,0,0,1,2,0,2,1,18.75,Low Gap
EMP0511,Finance / Accounts Administration,5,3,4,2,3,5,3,5,0,1,1,2,1,0,1,0,18.75,Low Gap
EMP0512,Finance / Accounts Administration,3,5,5,5,3,3,4,5,1,0,0,0,1,2,0,0,12.5,Low Gap
EMP0513,Finance / Accounts Administration,1,2,2,1,3,2,4,2,3,2,3,3,1,3,0,3,56.25,High Gap
EMP0514,Finance / Accounts Administration,1,4,2,5,5,3,3,3,3,0,3,0,0,2,1,2,34.375,Moderate Gap
EMP0515,Finance / Accounts Administration,4,4,3,4,4,1,5,5,0,0,2,0,0,4,0,0,18.75,Low Gap
EMP0516,Finance / Accounts Administration,4,4,2,4,2,5,4,3,0,0,3,0,2,0,0,2,21.875,Low Gap
EMP0517,Finance / Accounts Administration,2,5,2,5,5,5,4,4,2,0,3,0,0,0,0,1,18.75,Low Gap
EMP0518,Finance / Accounts Administration,3,5,4,5,5,4,3,3,1,0,1,0,0,1,1,2,18.75,Low Gap
EMP0519,Finance / Accounts Administration,1,3,1,3,2,2,2,4,3,1,4,1,2,3,2,1,53.125,High Gap
EMP0520,Finance / Accounts Administration,4,2,2,1,1,5,5,5,0,2,3,3,3,0,0,0,34.375,Moderate Gap
EMP0521,Finance / Accounts Administration,4,3,5,2,3,4,1,4,0,1,0,2,1,1,3,1,28.125,Moderate Gap
EMP0522,Finance / Accounts Administration,1,4,3,5,5,5,1,5,3,0,2,0,0,0,3,0,25.0,Moderate Gap
EMP0523,Finance / Accounts Administration,1,5,5,5,3,4,5,2,3,0,0,0,1,1,0,3,25.0,Moderate Gap
EMP0524,Finance / Accounts Administration,4,4,2,5,4,5,5,2,0,0,3,0,0,0,0,3,18.75,Low Gap
EMP0525,Finance / Accounts Administration,3,3,4,3,2,4,2,3,1,1,1,1,2,1,2,2,34.375,Moderate Gap
EMP0526,Finance / Accounts Administration,2,5,4,4,4,3,2,1,2,0,1,0,0,2,2,4,34.375,Moderate Gap
EMP0527,Finance / Accounts Administration,5,4,5,4,2,2,4,2,0,0,0,0,2,3,0,3,25.0,Moderate Gap
EMP0528,Finance / Accounts Administration,4,2,5,5,5,3,2,4,0,2,0,0,0,2,2,1,21.875,Low Gap
EMP0529,Finance / Accounts Administration,1,3,2,2,4,5,1,3,3,1,3,2,0,0,3,2,43.75,Moderate Gap
EMP0530,Finance / Accounts Administration,3,2,4,4,4,2,5,5,1,2,1,0,0,3,0,0,21.875,Low Gap
EMP0531,Finance / Accounts Administration,3,5,5,2,3,4,4,4,1,0,0,2,1,1,0,1,18.75,Low Gap
EMP0532,Finance / Accounts Administration,1,5,5,1,1,4,4,4,3,0,0,3,3,1,0,1,34.375,Moderate Gap
EMP0533,Finance / Accounts Administration,2,3,2,3,2,4,1,1,2,1,3,1,2,1,3,4,53.125,High Gap
EMP0534,Finance / Accounts Administration,5,5,5,2,3,4,3,2,0,0,0,2,1,1,1,3,25.0,Moderate Gap
EMP0535,Finance / Accounts Administration,3,3,2,1,3,5,2,3,1,1,3,3,1,0,2,2,40.625,Moderate Gap
EMP0536,Finance / Accounts Administration,5,5,5,5,4,5,5,5,0,0,0,0,0,0,0,0,0.0,Low Gap
EMP0537,Finance / Accounts Administration,4,1,5,5,4,5,3,3,0,3,0,0,0,0,1,2,18.75,Low Gap
EMP0538,Finance / Accounts Administration,4,5,5,5,4,5,1,5,0,0,0,0,0,0,3,0,9.375,Low Gap
EMP0539,Finance / Accounts Administration,5,5,5,2,4,5,1,5,0,0,0,2,0,0,3,0,15.625,Low Gap
EMP0540,Finance / Accounts Administration,2,3,5,2,2,5,3,3,2,1,0,2,2,0,1,2,31.25,Moderate Gap
EMP0541,Finance / Accounts Administration,3,1,4,2,4,4,1,5,1,3,1,2,0,1,3,0,34.375,Moderate Gap
EMP0542,Finance / Accounts Administration,2,4,5,5,4,4,3,1,2,0,0,0,0,1,1,4,25.0,Moderate Gap
EMP0543,Finance / Accounts Administration,5,5,5,4,5,3,3,3,0,0,0,0,0,2,1,2,15.625,Low Gap
EMP0544,Finance / Accounts Administration,3,2,1,5,4,4,1,1,1,2,4,0,0,1,3,4,46.875,Moderate Gap
EMP0545,Finance / Accounts Administration,1,4,4,2,3,4,3,1,3,0,1,2,1,1,1,4,40.625,Moderate Gap
EMP0546,Finance / Accounts Administration,5,4,2,4,2,3,5,5,0,0,3,0,2,2,0,0,21.875,Low Gap
EMP0547,Finance / Accounts Administration,3,4,3,5,2,3,2,4,1,0,2,0,2,2,2,1,31.25,Moderate Gap
EMP0548,Finance / Accounts Administration,3,4,5,5,1,4,1,2,1,0,0,0,3,1,3,3,34.375,Moderate Gap
EMP0549,Finance / Accounts Administration,4,4,4,3,4,2,1,3,0,0,1,1,0,3,3,2,31.25,Moderate Gap
EMP0550,Finance / Accounts Administration,5,4,5,4,4,5,4,5,0,0,0,0,0,0,0,0,0.0,Low Gap
EMP0551,Finance / Accounts Administration,5,5,5,4,5,1,5,3,0,0,0,0,0,4,0,2,18.75,Low Gap
EMP0552,Finance / Accounts Administration,4,3,5,2,2,4,5,4,0,1,0,2,2,1,0,1,21.875,Low Gap
EMP0553,Finance / Accounts Administration,5,1,3,3,5,5,4,5,0,3,2,1,0,0,0,0,18.75,Low Gap
EMP0554,Finance / Accounts Administration,3,5,5,1,1,5,3,5,1,0,0,3,3,0,1,0,25.0,Moderate Gap
EMP0555,Finance / Accounts Administration,3,5,3,4,4,5,5,5,1,0,2,0,0,0,0,0,9.375,Low Gap
EMP0556,Finance / Accounts Administration,3,5,4,1,4,2,1,1,1,0,1,3,0,3,3,4,46.875,Moderate Gap
EMP0557,Finance / Accounts Administration,4,4,5,4,2,2,1,4,0,0,0,0,2,3,3,1,28.125,Moderate Gap
EMP0558,Finance / Accounts Administration,2,2,5,5,4,4,5,3,2,2,0,0,0,1,0,2,21.875,Low Gap
EMP0559,Finance / Accounts Administration,5,1,5,3,2,5,5,5,0,3,0,1,2,0,0,0,18.75,Low Gap
EMP0560,Finance / Accounts Administration,4,5,4,2,1,3,1,2,0,0,1,2,3,2,3,3,43.75,Moderate Gap
EMP0561,Finance / Accounts Administration,3,5,5,3,5,5,1,1,1,0,0,1,0,0,3,4,28.125,Moderate Gap
EMP0562,Finance / Accounts Administration,1,4,2,3,3,3,3,3,3,0,3,1,1,2,1,2,40.625,Moderate Gap
EMP0563,Finance / Accounts Administration,5,3,4,5,5,3,5,3,0,1,1,0,0,2,0,2,18.75,Low Gap
EMP0564,Finance / Accounts Administration,4,3,4,4,2,5,1,5,0,1,1,0,2,0,3,0,21.875,Low Gap
EMP0565,Finance / Accounts Administration,5,4,5,5,4,5,5,5,0,0,0,0,0,0,0,0,0.0,Low Gap
EMP0566,Finance / Accounts Administration,3,5,5,2,3,4,5,3,1,0,0,2,1,1,0,2,21.875,Low Gap
EMP0567,Finance / Accounts Administration,4,3,5,4,4,4,2,1,0,1,0,0,0,1,2,4,25.0,Moderate Gap
EMP0568,Finance / Accounts Administration,5,5,5,4,3,5,3,5,0,0,0,0,1,0,1,0,6.25,Low Gap
EMP0569,Finance / Accounts Administration,4,1,5,4,3,1,1,4,0,3,0,0,1,4,3,1,37.5,Moderate Gap
EMP0570,Finance / Accounts Administration,5,2,4,4,4,4,2,2,0,2,1,0,0,1,2,3,28.125,Moderate Gap
EMP0571,Finance / Accounts Administration,5,3,4,2,4,5,2,5,0,1,1,2,0,0,2,0,18.75,Low Gap
EMP0572,Finance / Accounts Administration,3,4,4,5,4,2,1,3,1,0,1,0,0,3,3,2,31.25,Moderate Gap
EMP0573,Finance / Accounts Administration,4,3,4,3,3,4,2,1,0,1,1,1,1,1,2,4,34.375,Moderate Gap
EMP0574,Finance / Accounts Administration,2,3,4,4,1,2,1,3,2,1,1,0,3,3,3,2,46.875,Moderate Gap
EMP0575,Finance / Accounts Administration,4,4,4,5,5,5,2,3,0,0,1,0,0,0,2,2,15.625,Low Gap
EMP0576,Finance / Accounts Administration,4,3,3,4,5,5,2,5,0,1,2,0,0,0,2,0,15.625,Low Gap
EMP0577,Finance / Accounts Administration,2,5,3,5,5,4,5,5,2,0,2,0,0,1,0,0,15.625,Low Gap
EMP0578,Finance / Accounts Administration,3,2,4,1,2,3,5,2,1,2,1,3,2,2,0,3,43.75,Moderate Gap
EMP0579,Finance / Accounts Administration,4,2,2,3,1,4,1,3,0,2,3,1,3,1,3,2,46.875,Moderate Gap
EMP0580,Finance / Accounts Administration,2,5,4,1,3,5,1,4,2,0,1,3,1,0,3,1,34.375,Moderate Gap
EMP0581,Finance / Accounts Administration,4,2,3,5,5,5,4,2,0,2,2,0,0,0,0,3,21.875,Low Gap
EMP0582,Finance / Accounts Administration,5,5,5,5,3,2,5,1,0,0,0,0,1,3,0,4,25.0,Moderate Gap
EMP0583,Finance / Accounts Administration,3,4,2,1,4,5,1,5,1,0,3,3,0,0,3,0,31.25,Moderate Gap
EMP0584,Finance / Accounts Administration,5,2,3,5,3,3,5,5,0,2,2,0,1,2,0,0,21.875,Low Gap
EMP0585,Finance / Accounts Administration,4,3,2,2,4,2,3,4,0,1,3,2,0,3,1,1,34.375,Moderate Gap
EMP0586,Finance / Accounts Administration,3,3,3,5,4,5,2,2,1,1,2,0,0,0,2,3,28.125,Moderate Gap
EMP0587,Finance / Accounts Administration,5,2,3,5,2,3,3,2,0,2,2,0,2,2,1,3,37.5,Moderate Gap
EMP0588,Finance / Accounts Administration,5,5,3,3,5,1,1,5,0,0,2,1,0,4,3,0,31.25,Moderate Gap
EMP0589,Finance / Accounts Administration,3,3,3,1,1,1,5,1,1,1,2,3,3,4,0,4,56.25,High Gap
EMP0590,Finance / Accounts Administration,5,5,5,3,4,3,5,4,0,0,0,1,0,2,0,1,12.5,Low Gap
EMP0591,Finance / Accounts Administration,5,5,5,4,2,5,5,5,0,0,0,0,2,0,0,0,6.25,Low Gap
EMP0592,Finance / Accounts Administration,1,1,2,2,3,3,5,4,3,3,3,2,1,2,0,1,46.875,Moderate Gap
EMP0593,Finance / Accounts Administration,2,5,5,3,1,4,4,5,2,0,0,1,3,1,0,0,21.875,Low Gap
EMP0594,Finance / Accounts Administration,1,5,1,2,2,5,2,5,3,0,4,2,2,0,2,0,40.625,Moderate Gap
EMP0595,Finance / Accounts Administration,1,4,3,1,1,5,4,3,3,0,2,3,3,0,0,2,40.625,Moderate Gap
EMP0596,Finance / Accounts Administration,3,5,5,2,5,5,3,5,1,0,0,2,0,0,1,0,12.5,Low Gap
EMP0597,Finance / Accounts Administration,1,1,2,1,2,1,1,2,3,3,3,3,2,4,3,3,75.0,High Gap
EMP0598,Finance / Accounts Administration,2,4,1,2,3,5,1,4,2,0,4,2,1,0,3,1,40.625,Moderate Gap
EMP0599,Finance / Accounts Administration,3,5,4,1,1,2,4,1,1,0,1,3,3,3,0,4,46.875,Moderate Gap
EMP0600,Finance / Accounts Administration,2,5,5,5,2,1,4,3,2,0,0,0,2,4,0,2,31.25,Moderate Gap
EMP0601,Admissions Administration,1,1,2,3,4,5,4,5,3,4,2,2,0,0,0,0,34.375,Moderate Gap
EMP0602,Admissions Administration,1,5,4,3,3,5,1,1,3,0,0,2,1,0,3,4,40.625,Moderate Gap
EMP0603,Admissions Administration,2,3,2,5,4,2,2,4,2,2,2,0,0,3,2,1,37.5,Moderate Gap
EMP0604,Admissions Administration,5,4,4,3,3,5,5,4,0,1,0,2,1,0,0,1,15.625,Low Gap
EMP0605,Admissions Administration,5,5,4,4,4,4,4,5,0,0,0,1,0,1,0,0,6.25,Low Gap
EMP0606,Admissions Administration,5,5,2,2,2,5,3,5,0,0,2,3,2,0,1,0,25.0,Moderate Gap
EMP0607,Admissions Administration,3,5,2,4,5,5,3,5,1,0,2,1,0,0,1,0,15.625,Low Gap
EMP0608,Admissions Administration,2,3,3,5,5,3,3,4,2,2,1,0,0,2,1,1,28.125,Moderate Gap
EMP0609,Admissions Administration,5,5,5,5,4,5,3,5,0,0,0,0,0,0,1,0,3.125,Low Gap
EMP0610,Admissions Administration,5,5,5,5,4,4,1,3,0,0,0,0,0,1,3,2,18.75,Low Gap
EMP0611,Admissions Administration,2,5,5,2,2,5,1,4,2,0,0,3,2,0,3,1,34.375,Moderate Gap
EMP0612,Admissions Administration,3,2,2,3,2,3,5,4,1,3,2,2,2,2,0,1,40.625,Moderate Gap
EMP0613,Admissions Administration,2,3,5,1,2,2,2,1,2,2,0,4,2,3,2,4,59.375,High Gap
EMP0614,Admissions Administration,4,4,3,4,4,4,5,3,0,1,1,1,0,1,0,2,18.75,Low Gap
EMP0615,Admissions Administration,5,3,1,1,3,4,1,5,0,2,3,4,1,1,3,0,43.75,Moderate Gap
EMP0616,Admissions Administration,3,5,4,2,4,5,4,2,1,0,0,3,0,0,0,3,21.875,Low Gap
EMP0617,Admissions Administration,5,2,4,2,4,1,3,3,0,3,0,3,0,4,1,2,40.625,Moderate Gap
EMP0618,Admissions Administration,1,3,1,3,4,1,4,1,3,2,3,2,0,4,0,4,56.25,High Gap
EMP0619,Admissions Administration,3,4,5,5,2,1,2,3,1,1,0,0,2,4,2,2,37.5,Moderate Gap
EMP0620,Admissions Administration,3,4,3,2,4,2,1,1,1,1,1,3,0,3,3,4,50.0,High Gap
EMP0621,Admissions Administration,2,5,3,5,2,4,4,4,2,0,1,0,2,1,0,1,21.875,Low Gap
EMP0622,Admissions Administration,1,5,4,3,3,3,2,3,3,0,0,2,1,2,2,2,37.5,Moderate Gap
EMP0623,Admissions Administration,5,5,5,3,4,5,2,5,0,0,0,2,0,0,2,0,12.5,Low Gap
EMP0624,Admissions Administration,5,5,5,3,4,3,2,2,0,0,0,2,0,2,2,3,28.125,Moderate Gap
EMP0625,Admissions Administration,5,4,4,3,4,3,5,5,0,1,0,2,0,2,0,0,15.625,Low Gap
EMP0626,Admissions Administration,5,2,3,4,4,3,4,4,0,3,1,1,0,2,0,1,25.0,Moderate Gap
EMP0627,Admissions Administration,5,3,3,2,5,3,5,3,0,2,1,3,0,2,0,2,31.25,Moderate Gap
EMP0628,Admissions Administration,1,1,5,4,3,1,4,1,3,4,0,1,1,4,0,4,53.125,High Gap
EMP0629,Admissions Administration,4,5,2,4,2,4,5,3,0,0,2,1,2,1,0,2,25.0,Moderate Gap
EMP0630,Admissions Administration,4,5,4,4,4,2,3,1,0,0,0,1,0,3,1,4,28.125,Moderate Gap
EMP0631,Admissions Administration,4,5,4,2,2,5,1,4,0,0,0,3,2,0,3,1,28.125,Moderate Gap
EMP0632,Admissions Administration,4,1,1,5,3,4,3,4,0,4,3,0,1,1,1,1,34.375,Moderate Gap
EMP0633,Admissions Administration,2,5,3,3,3,2,4,1,2,0,1,2,1,3,0,4,40.625,Moderate Gap
EMP0634,Admissions Administration,3,4,3,3,5,5,5,2,1,1,1,2,0,0,0,3,25.0,Moderate Gap
EMP0635,Admissions Administration,1,5,3,1,2,5,5,3,3,0,1,4,2,0,0,2,37.5,Moderate Gap
EMP0636,Admissions Administration,2,5,4,5,5,5,1,3,2,0,0,0,0,0,3,2,21.875,Low Gap
EMP0637,Admissions Administration,2,2,4,3,4,5,2,3,2,3,0,2,0,0,2,2,34.375,Moderate Gap
EMP0638,Admissions Administration,4,5,5,4,1,5,1,5,0,0,0,1,3,0,3,0,21.875,Low Gap
EMP0639,Admissions Administration,1,3,1,3,4,3,2,1,3,2,3,2,0,2,2,4,56.25,High Gap
EMP0640,Admissions Administration,5,4,4,3,3,2,2,3,0,1,0,2,1,3,2,2,34.375,Moderate Gap
EMP0641,Admissions Administration,2,3,1,4,4,3,2,4,2,2,3,1,0,2,2,1,40.625,Moderate Gap
EMP0642,Admissions Administration,2,2,1,1,4,5,4,1,2,3,3,4,0,0,0,4,50.0,High Gap
EMP0643,Admissions Administration,3,3,2,1,2,4,4,5,1,2,2,4,2,1,0,0,37.5,Moderate Gap
EMP0644,Admissions Administration,2,3,1,2,2,4,3,1,2,2,3,3,2,1,1,4,56.25,High Gap
EMP0645,Admissions Administration,2,1,4,2,3,5,1,4,2,4,0,3,1,0,3,1,43.75,Moderate Gap
EMP0646,Admissions Administration,3,5,5,1,2,4,1,3,1,0,0,4,2,1,3,2,40.625,Moderate Gap
EMP0647,Admissions Administration,4,5,4,5,5,4,1,5,0,0,0,0,0,1,3,0,12.5,Low Gap
EMP0648,Admissions Administration,2,2,4,3,2,5,2,1,2,3,0,2,2,0,2,4,46.875,Moderate Gap
EMP0649,Admissions Administration,3,1,3,5,2,4,3,1,1,4,1,0,2,1,1,4,43.75,Moderate Gap
EMP0650,Admissions Administration,2,3,4,2,3,2,1,4,2,2,0,3,1,3,3,1,46.875,Moderate Gap
EMP0651,Admissions Administration,5,3,5,2,2,2,3,2,0,2,0,3,2,3,1,3,43.75,Moderate Gap
EMP0652,Admissions Administration,1,4,2,2,3,5,5,4,3,1,2,3,1,0,0,1,34.375,Moderate Gap
EMP0653,Admissions Administration,1,4,4,2,3,5,2,5,3,1,0,3,1,0,2,0,31.25,Moderate Gap
EMP0654,Admissions Administration,4,4,5,3,5,2,2,1,0,1,0,2,0,3,2,4,37.5,Moderate Gap
EMP0655,Admissions Administration,5,4,3,4,3,5,5,5,0,1,1,1,1,0,0,0,12.5,Low Gap
EMP0656,Admissions Administration,3,4,5,3,3,2,5,5,1,1,0,2,1,3,0,0,25.0,Moderate Gap
EMP0657,Admissions Administration,2,5,3,5,5,2,2,2,2,0,1,0,0,3,2,3,34.375,Moderate Gap
EMP0658,Admissions Administration,4,4,1,5,4,2,1,3,0,1,3,0,0,3,3,2,37.5,Moderate Gap
EMP0659,Admissions Administration,5,1,2,1,3,2,1,3,0,4,2,4,1,3,3,2,59.375,High Gap
EMP0660,Admissions Administration,3,4,1,3,3,5,5,2,1,1,3,2,1,0,0,3,34.375,Moderate Gap
EMP0661,Admissions Administration,1,5,4,1,2,5,1,3,3,0,0,4,2,0,3,2,43.75,Moderate Gap
EMP0662,Admissions Administration,1,4,2,3,3,5,1,2,3,1,2,2,1,0,3,3,46.875,Moderate Gap
EMP0663,Admissions Administration,2,3,4,4,4,5,1,3,2,2,0,1,0,0,3,2,31.25,Moderate Gap
EMP0664,Admissions Administration,1,4,4,4,4,1,1,1,3,1,0,1,0,4,3,4,50.0,High Gap
EMP0665,Admissions Administration,4,4,3,4,5,5,3,5,0,1,1,1,0,0,1,0,12.5,Low Gap
EMP0666,Admissions Administration,5,4,3,4,5,5,3,4,0,1,1,1,0,0,1,1,15.625,Low Gap
EMP0667,Admissions Administration,4,5,5,4,2,1,4,1,0,0,0,1,2,4,0,4,34.375,Moderate Gap
EMP0668,Admissions Administration,1,3,2,5,2,5,3,2,3,2,2,0,2,0,1,3,40.625,Moderate Gap
EMP0669,Admissions Administration,3,5,3,3,1,3,4,5,1,0,1,2,3,2,0,0,28.125,Moderate Gap
EMP0670,Admissions Administration,5,4,2,5,3,4,2,3,0,1,2,0,1,1,2,2,28.125,Moderate Gap
EMP0671,Admissions Administration,1,4,3,4,4,5,3,1,3,1,1,1,0,0,1,4,34.375,Moderate Gap
EMP0672,Admissions Administration,5,4,2,1,4,4,5,4,0,1,2,4,0,1,0,1,28.125,Moderate Gap
EMP0673,Admissions Administration,5,4,1,4,4,5,4,4,0,1,3,1,0,0,0,1,18.75,Low Gap
EMP0674,Admissions Administration,2,5,4,1,1,3,5,5,2,0,0,4,3,2,0,0,34.375,Moderate Gap
EMP0675,Admissions Administration,1,4,4,5,5,5,2,4,3,1,0,0,0,0,2,1,21.875,Low Gap
EMP0676,Admissions Administration,4,3,5,3,2,3,1,1,0,2,0,2,2,2,3,4,46.875,Moderate Gap
EMP0677,Admissions Administration,1,5,4,5,2,4,5,5,3,0,0,0,2,1,0,0,18.75,Low Gap
EMP0678,Admissions Administration,2,3,5,4,4,3,2,5,2,2,0,1,0,2,2,0,28.125,Moderate Gap
EMP0679,Admissions Administration,3,3,5,4,5,5,3,5,1,2,0,1,0,0,1,0,15.625,Low Gap
EMP0680,Admissions Administration,4,5,1,5,3,2,1,1,0,0,3,0,1,3,3,4,43.75,Moderate Gap
EMP0681,Admissions Administration,3,4,5,3,2,3,1,3,1,1,0,2,2,2,3,2,40.625,Moderate Gap
EMP0682,Admissions Administration,4,5,1,1,2,5,5,5,0,0,3,4,2,0,0,0,28.125,Moderate Gap
EMP0683,Admissions Administration,5,5,4,4,2,5,5,5,0,0,0,1,2,0,0,0,9.375,Low Gap
EMP0684,Admissions Administration,1,5,2,3,5,5,4,3,3,0,2,2,0,0,0,2,28.125,Moderate Gap
EMP0685,Admissions Administration,3,5,3,1,5,4,4,4,1,0,1,4,0,1,0,1,25.0,Moderate Gap
EMP0686,Admissions Administration,5,4,2,1,2,5,5,3,0,1,2,4,2,0,0,2,34.375,Moderate Gap
EMP0687,Admissions Administration,5,4,4,4,5,3,4,5,0,1,0,1,0,2,0,0,12.5,Low Gap
EMP0688,Admissions Administration,3,5,5,5,5,5,3,5,1,0,0,0,0,0,1,0,6.25,Low Gap
EMP0689,Admissions Administration,4,5,5,3,4,5,5,2,0,0,0,2,0,0,0,3,15.625,Low Gap
EMP0690,Admissions Administration,4,1,1,4,4,3,4,5,0,4,3,1,0,2,0,0,31.25,Moderate Gap
EMP0691,Admissions Administration,5,4,4,3,4,4,3,3,0,1,0,2,0,1,1,2,21.875,Low Gap
EMP0692,Admissions Administration,3,3,1,1,3,1,2,5,1,2,3,4,1,4,2,0,53.125,High Gap
EMP0693,Admissions Administration,1,4,5,3,2,4,4,5,3,1,0,2,2,1,0,0,28.125,Moderate Gap
EMP0694,Admissions Administration,5,5,5,1,1,3,4,5,0,0,0,4,3,2,0,0,28.125,Moderate Gap
EMP0695,Admissions Administration,4,4,1,4,2,3,5,3,0,1,3,1,2,2,0,2,34.375,Moderate Gap
EMP0696,Admissions Administration,4,5,3,5,3,2,1,2,0,0,1,0,1,3,3,3,34.375,Moderate Gap
EMP0697,Admissions Administration,5,3,4,3,4,5,3,3,0,2,0,2,0,0,1,2,21.875,Low Gap
EMP0698,Admissions Administration,5,4,5,5,4,2,2,1,0,1,0,0,0,3,2,4,31.25,Moderate Gap
EMP0699,Admissions Administration,1,5,5,4,3,5,1,4,3,0,0,1,1,0,3,1,28.125,Moderate Gap
EMP0700,Admissions Administration,4,5,5,4,4,3,4,5,0,0,0,1,0,2,0,0,9.375,Low Gap
EMP0701,Admissions Administration,4,3,1,3,4,4,3,5,0,2,3,2,0,1,1,0,28.125,Moderate Gap
EMP0702,Admissions Administration,3,3,2,5,5,2,1,1,1,2,2,0,0,3,3,4,46.875,Moderate Gap
EMP0703,Admissions Administration,5,5,3,3,4,5,4,1,0,0,1,2,0,0,0,4,21.875,Low Gap
EMP0704,Admissions Administration,4,4,2,2,2,2,1,5,0,1,2,3,2,3,3,0,43.75,Moderate Gap
EMP0705,Admissions Administration,1,3,2,2,2,2,3,3,3,2,2,3,2,3,1,2,56.25,High Gap
EMP0706,Admissions Administration,4,2,1,4,4,3,5,5,0,3,3,1,0,2,0,0,28.125,Moderate Gap
EMP0707,Admissions Administration,1,4,3,3,2,4,4,1,3,1,1,2,2,1,0,4,43.75,Moderate Gap
EMP0708,Admissions Administration,3,4,4,5,4,3,5,5,1,1,0,0,0,2,0,0,12.5,Low Gap
EMP0709,Admissions Administration,5,5,1,3,2,1,5,3,0,0,3,2,2,4,0,2,40.625,Moderate Gap
EMP0710,Admissions Administration,3,3,4,3,3,5,3,2,1,2,0,2,1,0,1,3,31.25,Moderate Gap
EMP0711,Admissions Administration,5,4,5,2,3,3,4,3,0,1,0,3,1,2,0,2,28.125,Moderate Gap
EMP0712,Admissions Administration,2,2,5,2,2,3,2,1,2,3,0,3,2,2,2,4,56.25,High Gap
EMP0713,Admissions Administration,5,3,4,5,5,5,4,2,0,2,0,0,0,0,0,3,15.625,Low Gap
EMP0714,Admissions Administration,1,4,4,3,2,5,2,3,3,1,0,2,2,0,2,2,37.5,Moderate Gap
EMP0715,Admissions Administration,2,2,1,4,1,1,2,5,2,3,3,1,3,4,2,0,56.25,High Gap
EMP0716,Admissions Administration,1,2,2,4,2,4,1,2,3,3,2,1,2,1,3,3,56.25,High Gap
EMP0717,Admissions Administration,2,3,3,2,5,4,3,2,2,2,1,3,0,1,1,3,40.625,Moderate Gap
EMP0718,Admissions Administration,1,4,1,4,3,3,4,5,3,1,3,1,1,2,0,0,34.375,Moderate Gap
EMP0719,Admissions Administration,1,4,1,3,4,4,2,5,3,1,3,2,0,1,2,0,37.5,Moderate Gap
EMP0720,Admissions Administration,1,4,1,4,4,3,2,1,3,1,3,1,0,2,2,4,50.0,High Gap
EMP0721,Admissions Administration,1,5,2,3,1,4,3,4,3,0,2,2,3,1,1,1,40.625,Moderate Gap
EMP0722,Admissions Administration,1,3,3,2,2,4,2,1,3,2,1,3,2,1,2,4,56.25,High Gap
EMP0723,Admissions Administration,1,5,3,5,2,4,4,3,3,0,1,0,2,1,0,2,28.125,Moderate Gap
EMP0724,Admissions Administration,1,3,3,3,5,1,5,2,3,2,1,2,0,4,0,3,46.875,Moderate Gap
EMP0725,Admissions Administration,1,3,4,5,5,2,2,3,3,2,0,0,0,3,2,2,37.5,Moderate Gap
EMP0726,Admissions Administration,1,4,1,5,5,5,1,2,3,1,3,0,0,0,3,3,40.625,Moderate Gap
EMP0727,Admissions Administration,4,2,1,4,2,4,1,5,0,3,3,1,2,1,3,0,40.625,Moderate Gap
EMP0728,Admissions Administration,1,2,2,5,4,3,5,5,3,3,2,0,0,2,0,0,31.25,Moderate Gap
EMP0729,Admissions Administration,5,4,2,3,1,5,2,5,0,1,2,2,3,0,2,0,31.25,Moderate Gap
EMP0730,Admissions Administration,2,5,4,5,5,2,4,1,2,0,0,0,0,3,0,4,28.125,Moderate Gap
EMP0731,Admissions Administration,3,1,2,5,2,4,2,1,1,4,2,0,2,1,2,4,50.0,High Gap
EMP0732,Admissions Administration,3,5,5,5,5,1,5,5,1,0,0,0,0,4,0,0,15.625,Low Gap
EMP0733,Admissions Administration,4,5,5,3,2,5,2,1,0,0,0,2,2,0,2,4,31.25,Moderate Gap
EMP0734,Admissions Administration,2,3,3,1,2,2,3,5,2,2,1,4,2,3,1,0,46.875,Moderate Gap
EMP0735,Admissions Administration,2,3,3,2,3,3,2,5,2,2,1,3,1,2,2,0,40.625,Moderate Gap
EMP0736,Admissions Administration,2,4,5,2,4,2,1,4,2,1,0,3,0,3,3,1,40.625,Moderate Gap
EMP0737,Admissions Administration,4,5,5,5,4,5,4,4,0,0,0,0,0,0,0,1,3.125,Low Gap
EMP0738,Admissions Administration,1,4,4,5,5,4,3,2,3,1,0,0,0,1,1,3,28.125,Moderate Gap
EMP0739,Admissions Administration,4,5,5,5,4,5,3,5,0,0,0,0,0,0,1,0,3.125,Low Gap
EMP0740,Admissions Administration,1,4,1,3,2,4,2,3,3,1,3,2,2,1,2,2,50.0,High Gap
EMP0741,Admissions Administration,2,3,3,4,5,5,5,5,2,2,1,1,0,0,0,0,18.75,Low Gap
EMP0742,Admissions Administration,5,4,5,1,3,4,4,5,0,1,0,4,1,1,0,0,21.875,Low Gap
EMP0743,Admissions Administration,5,2,2,5,5,5,5,5,0,3,2,0,0,0,0,0,15.625,Low Gap
EMP0744,Admissions Administration,3,5,5,5,3,5,2,3,1,0,0,0,1,0,2,2,18.75,Low Gap
EMP0745,Admissions Administration,3,4,1,3,5,4,3,4,1,1,3,2,0,1,1,1,31.25,Moderate Gap
EMP0746,Admissions Administration,5,3,1,2,3,4,4,5,0,2,3,3,1,1,0,0,31.25,Moderate Gap
EMP0747,Admissions Administration,4,4,3,4,2,5,2,3,0,1,1,1,2,0,2,2,28.125,Moderate Gap
EMP0748,Admissions Administration,5,4,4,5,5,3,1,4,0,1,0,0,0,2,3,1,21.875,Low Gap
EMP0749,Admissions Administration,1,5,1,4,5,5,4,5,3,0,3,1,0,0,0,0,21.875,Low Gap
EMP0750,Admissions Administration,4,4,5,1,1,1,5,1,0,1,0,4,3,4,0,4,50.0,High Gap
EMP0751,Admissions Administration,2,4,2,4,4,2,2,1,2,1,2,1,0,3,2,4,46.875,Moderate Gap
EMP0752,Admissions Administration,2,5,1,2,5,1,3,2,2,0,3,3,0,4,1,3,50.0,High Gap
EMP0753,Admissions Administration,4,3,1,4,4,5,3,5,0,2,3,1,0,0,1,0,21.875,Low Gap
EMP0754,Admissions Administration,3,1,2,1,1,3,4,5,1,4,2,4,3,2,0,0,50.0,High Gap
EMP0755,Admissions Administration,1,4,5,5,5,2,4,2,3,1,0,0,0,3,0,3,31.25,Moderate Gap
EMP0756,Admissions Administration,3,4,1,1,1,3,5,1,1,1,3,4,3,2,0,4,56.25,High Gap
EMP0757,Admissions Administration,2,3,2,5,4,2,5,5,2,2,2,0,0,3,0,0,28.125,Moderate Gap
EMP0758,Admissions Administration,1,4,3,2,1,3,1,3,3,1,1,3,3,2,3,2,56.25,High Gap
EMP0759,Admissions Administration,1,4,4,5,5,2,1,3,3,1,0,0,0,3,3,2,37.5,Moderate Gap
EMP0760,Admissions Administration,3,5,3,3,3,5,2,5,1,0,1,2,1,0,2,0,21.875,Low Gap
EMP0761,Admissions Administration,1,4,2,2,1,1,2,1,3,1,2,3,3,4,2,4,68.75,High Gap
EMP0762,Admissions Administration,5,5,5,4,5,5,2,4,0,0,0,1,0,0,2,1,12.5,Low Gap
EMP0763,Admissions Administration,2,4,2,4,3,5,3,5,2,1,2,1,1,0,1,0,25.0,Moderate Gap
EMP0764,Admissions Administration,5,2,3,2,4,3,5,4,0,3,1,3,0,2,0,1,31.25,Moderate Gap
EMP0765,Admissions Administration,5,5,5,4,4,5,2,4,0,0,0,1,0,0,2,1,12.5,Low Gap
EMP0766,Admissions Administration,5,3,4,3,4,1,3,2,0,2,0,2,0,4,1,3,37.5,Moderate Gap
EMP0767,Admissions Administration,1,4,2,3,2,3,3,5,3,1,2,2,2,2,1,0,40.625,Moderate Gap
EMP0768,Admissions Administration,4,5,5,3,5,5,1,3,0,0,0,2,0,0,3,2,21.875,Low Gap
EMP0769,Admissions Administration,1,3,1,1,3,2,4,5,3,2,3,4,1,3,0,0,50.0,High Gap
EMP0770,Admissions Administration,2,4,5,2,3,2,2,4,2,1,0,3,1,3,2,1,40.625,Moderate Gap
EMP0771,Admissions Administration,5,3,3,2,2,2,5,5,0,2,1,3,2,3,0,0,34.375,Moderate Gap
EMP0772,Admissions Administration,1,2,1,5,4,2,1,1,3,3,3,0,0,3,3,4,59.375,High Gap
EMP0773,Admissions Administration,5,5,5,5,5,1,2,2,0,0,0,0,0,4,2,3,28.125,Moderate Gap
EMP0774,Admissions Administration,1,4,1,5,4,3,1,1,3,1,3,0,0,2,3,4,50.0,High Gap
EMP0775,Admissions Administration,5,3,2,4,4,4,3,5,0,2,2,1,0,1,1,0,21.875,Low Gap
EMP0776,Admissions Administration,3,1,1,4,4,5,4,2,1,4,3,1,0,0,0,3,37.5,Moderate Gap
EMP0777,Admissions Administration,5,3,5,3,4,5,5,5,0,2,0,2,0,0,0,0,12.5,Low Gap
EMP0778,Admissions Administration,2,5,3,4,3,5,1,4,2,0,1,1,1,0,3,1,28.125,Moderate Gap
EMP0779,Admissions Administration,2,3,5,2,3,4,5,1,2,2,0,3,1,1,0,4,40.625,Moderate Gap
EMP0780,Admissions Administration,5,3,4,5,4,5,1,4,0,2,0,0,0,0,3,1,18.75,Low Gap
EMP0781,Admissions Administration,3,3,1,5,5,3,3,2,1,2,3,0,0,2,1,3,37.5,Moderate Gap
EMP0782,Admissions Administration,4,2,5,2,2,3,3,5,0,3,0,3,2,2,1,0,34.375,Moderate Gap
EMP0783,Admissions Administration,5,3,2,1,1,5,4,5,0,2,2,4,3,0,0,0,34.375,Moderate Gap
EMP0784,Admissions Administration,2,5,5,4,4,5,4,4,2,0,0,1,0,0,0,1,12.5,Low Gap
EMP0785,Admissions Administration,5,5,5,5,3,2,3,4,0,0,0,0,1,3,1,1,18.75,Low Gap
EMP0786,Admissions Administration,2,1,4,5,5,5,4,3,2,4,0,0,0,0,0,2,25.0,Moderate Gap
EMP0787,Admissions Administration,1,5,2,3,4,5,1,1,3,0,2,2,0,0,3,4,43.75,Moderate Gap
EMP0788,Admissions Administration,2,4,5,4,5,3,5,1,2,1,0,1,0,2,0,4,31.25,Moderate Gap
EMP0789,Admissions Administration,5,5,5,2,3,3,2,5,0,0,0,3,1,2,2,0,25.0,Moderate Gap
EMP0790,Admissions Administration,2,5,5,3,3,3,3,1,2,0,0,2,1,2,1,4,37.5,Moderate Gap
EMP0791,Admissions Administration,5,4,5,4,3,5,3,2,0,1,0,1,1,0,1,3,21.875,Low Gap
EMP0792,Admissions Administration,2,3,5,2,2,5,1,1,2,2,0,3,2,0,3,4,50.0,High Gap
EMP0793,Admissions Administration,1,4,3,5,5,4,4,2,3,1,1,0,0,1,0,3,28.125,Moderate Gap
EMP0794,Admissions Administration,1,3,3,3,2,2,1,1,3,2,1,2,2,3,3,4,62.5,High Gap
EMP0795,Admissions Administration,5,3,4,1,3,3,5,1,0,2,0,4,1,2,0,4,40.625,Moderate Gap
EMP0796,Admissions Administration,4,4,5,3,3,4,3,4,0,1,0,2,1,1,1,1,21.875,Low Gap
EMP0797,Admissions Administration,4,5,3,4,4,4,4,5,0,0,1,1,0,1,0,0,9.375,Low Gap
EMP0798,Admissions Administration,1,5,2,4,5,5,1,2,3,0,2,1,0,0,3,3,37.5,Moderate Gap
EMP0799,Admissions Administration,1,4,3,3,3,3,4,3,3,1,1,2,1,2,0,2,37.5,Moderate Gap
EMP0800,Admissions Administration,4,4,3,4,4,5,3,2,0,1,1,1,0,0,1,3,21.875,Low Gap
EMP0801,Departmental / Academic Administration,1,1,2,4,3,1,1,1,3,3,2,1,1,3,3,4,62.5,High Gap
EMP0802,Departmental / Academic Administration,5,5,5,4,2,2,1,1,0,0,0,1,2,2,3,4,37.5,Moderate Gap
EMP0803,Departmental / Academic Administration,1,2,3,3,3,1,5,4,3,2,1,2,1,3,0,1,40.625,Moderate Gap
EMP0804,Departmental / Academic Administration,5,5,3,4,5,4,4,5,0,0,1,1,0,0,0,0,6.25,Low Gap
EMP0805,Departmental / Academic Administration,2,5,3,2,4,4,1,4,2,0,1,3,0,0,3,1,31.25,Moderate Gap
EMP0806,Departmental / Academic Administration,5,2,3,5,5,4,4,5,0,2,1,0,0,0,0,0,9.375,Low Gap
EMP0807,Departmental / Academic Administration,3,3,5,3,5,4,3,4,1,1,0,2,0,0,1,1,18.75,Low Gap
EMP0808,Departmental / Academic Administration,2,5,5,4,5,2,4,1,2,0,0,1,0,2,0,4,28.125,Moderate Gap
EMP0809,Departmental / Academic Administration,4,4,3,4,4,1,5,3,0,0,1,1,0,3,0,2,21.875,Low Gap
EMP0810,Departmental / Academic Administration,3,2,3,2,3,2,4,5,1,2,1,3,1,2,0,0,31.25,Moderate Gap
EMP0811,Departmental / Academic Administration,1,5,4,3,5,5,1,5,3,0,0,2,0,0,3,0,25.0,Moderate Gap
EMP0812,Departmental / Academic Administration,5,3,4,3,3,3,1,1,0,1,0,2,1,1,3,4,37.5,Moderate Gap
EMP0813,Departmental / Academic Administration,4,3,3,3,2,3,4,3,0,1,1,2,2,1,0,2,28.125,Moderate Gap
EMP0814,Departmental / Academic Administration,2,5,3,5,3,4,2,2,2,0,1,0,1,0,2,3,28.125,Moderate Gap
EMP0815,Departmental / Academic Administration,3,4,3,1,3,1,4,5,1,0,1,4,1,3,0,0,31.25,Moderate Gap
EMP0816,Departmental / Academic Administration,3,5,5,5,5,2,1,5,1,0,0,0,0,2,3,0,18.75,Low Gap
EMP0817,Departmental / Academic Administration,4,2,3,3,2,5,3,5,0,2,1,2,2,0,1,0,25.0,Moderate Gap
EMP0818,Departmental / Academic Administration,5,3,4,5,4,4,2,4,0,1,0,0,0,0,2,1,12.5,Low Gap
EMP0819,Departmental / Academic Administration,5,4,5,3,3,3,3,5,0,0,0,2,1,1,1,0,15.625,Low Gap
EMP0820,Departmental / Academic Administration,3,2,5,4,4,4,1,1,1,2,0,1,0,0,3,4,34.375,Moderate Gap
EMP0821,Departmental / Academic Administration,2,5,5,2,2,5,4,4,2,0,0,3,2,0,0,1,25.0,Moderate Gap
EMP0822,Departmental / Academic Administration,1,5,1,2,1,2,2,2,3,0,3,3,3,2,2,3,59.375,High Gap
EMP0823,Departmental / Academic Administration,2,3,1,1,3,5,2,3,2,1,3,4,1,0,2,2,46.875,Moderate Gap
EMP0824,Departmental / Academic Administration,1,1,2,4,2,3,3,3,3,3,2,1,2,1,1,2,46.875,Moderate Gap
EMP0825,Departmental / Academic Administration,2,4,1,4,3,3,4,4,2,0,3,1,1,1,0,1,28.125,Moderate Gap
EMP0826,Departmental / Academic Administration,1,5,5,5,4,1,2,1,3,0,0,0,0,3,2,4,37.5,Moderate Gap
EMP0827,Departmental / Academic Administration,5,4,5,1,2,2,2,5,0,0,0,4,2,2,2,0,31.25,Moderate Gap
EMP0828,Departmental / Academic Administration,2,2,1,5,4,5,5,5,2,2,3,0,0,0,0,0,21.875,Low Gap
EMP0829,Departmental / Academic Administration,5,2,1,3,3,4,4,5,0,2,3,2,1,0,0,0,25.0,Moderate Gap
EMP0830,Departmental / Academic Administration,3,2,1,5,4,4,1,2,1,2,3,0,0,0,3,3,37.5,Moderate Gap
EMP0831,Departmental / Academic Administration,1,4,1,2,2,2,2,3,3,0,3,3,2,2,2,2,53.125,High Gap
EMP0832,Departmental / Academic Administration,1,4,5,5,4,5,1,2,3,0,0,0,0,0,3,3,28.125,Moderate Gap
EMP0833,Departmental / Academic Administration,1,1,3,1,2,4,3,2,3,3,1,4,2,0,1,3,53.125,High Gap
EMP0834,Departmental / Academic Administration,5,3,3,1,5,3,5,4,0,1,1,4,0,1,0,1,25.0,Moderate Gap
EMP0835,Departmental / Academic Administration,2,5,5,5,3,2,4,2,2,0,0,0,1,2,0,3,25.0,Moderate Gap
EMP0836,Departmental / Academic Administration,5,4,2,3,2,4,2,5,0,0,2,2,2,0,2,0,25.0,Moderate Gap
EMP0837,Departmental / Academic Administration,5,3,4,3,1,4,5,3,0,1,0,2,3,0,0,2,25.0,Moderate Gap
EMP0838,Departmental / Academic Administration,4,3,3,2,2,1,5,2,0,1,1,3,2,3,0,3,40.625,Moderate Gap
EMP0839,Departmental / Academic Administration,3,5,2,4,5,5,1,3,1,0,2,1,0,0,3,2,28.125,Moderate Gap
EMP0840,Departmental / Academic Administration,4,5,3,2,3,5,5,5,0,0,1,3,1,0,0,0,15.625,Low Gap
EMP0841,Departmental / Academic Administration,3,5,5,1,1,3,5,3,1,0,0,4,3,1,0,2,34.375,Moderate Gap
EMP0842,Departmental / Academic Administration,4,3,1,3,2,5,3,5,0,1,3,2,2,0,1,0,28.125,Moderate Gap
EMP0843,Departmental / Academic Administration,1,3,5,5,3,5,2,3,3,1,0,0,1,0,2,2,28.125,Moderate Gap
EMP0844,Departmental / Academic Administration,5,3,5,5,5,4,3,4,0,1,0,0,0,0,1,1,9.375,Low Gap
EMP0845,Departmental / Academic Administration,5,5,5,1,5,3,3,4,0,0,0,4,0,1,1,1,21.875,Low Gap
EMP0846,Departmental / Academic Administration,3,3,2,5,5,4,5,5,1,1,2,0,0,0,0,0,12.5,Low Gap
EMP0847,Departmental / Academic Administration,5,2,4,4,5,5,4,5,0,2,0,1,0,0,0,0,9.375,Low Gap
EMP0848,Departmental / Academic Administration,3,4,4,5,4,3,2,2,1,0,0,0,0,1,2,3,21.875,Low Gap
EMP0849,Departmental / Academic Administration,3,4,4,3,3,1,2,3,1,0,0,2,1,3,2,2,34.375,Moderate Gap
EMP0850,Departmental / Academic Administration,1,5,3,5,5,5,4,1,3,0,1,0,0,0,0,4,25.0,Moderate Gap
EMP0851,Departmental / Academic Administration,1,4,3,3,4,3,2,2,3,0,1,2,0,1,2,3,37.5,Moderate Gap
EMP0852,Departmental / Academic Administration,4,5,3,4,4,1,5,1,0,0,1,1,0,3,0,4,28.125,Moderate Gap
EMP0853,Departmental / Academic Administration,1,4,4,2,4,5,2,3,3,0,0,3,0,0,2,2,31.25,Moderate Gap
EMP0854,Departmental / Academic Administration,1,4,1,5,3,4,4,4,3,0,3,0,1,0,0,1,25.0,Moderate Gap
EMP0855,Departmental / Academic Administration,5,3,5,3,5,1,2,2,0,1,0,2,0,3,2,3,34.375,Moderate Gap
EMP0856,Departmental / Academic Administration,5,5,3,1,2,3,5,2,0,0,1,4,2,1,0,3,34.375,Moderate Gap
EMP0857,Departmental / Academic Administration,1,3,1,3,2,3,3,1,3,1,3,2,2,1,1,4,53.125,High Gap
EMP0858,Departmental / Academic Administration,5,1,3,5,5,4,4,5,0,3,1,0,0,0,0,0,12.5,Low Gap
EMP0859,Departmental / Academic Administration,3,2,4,3,5,2,2,1,1,2,0,2,0,2,2,4,40.625,Moderate Gap
EMP0860,Departmental / Academic Administration,1,4,3,4,5,4,3,4,3,0,1,1,0,0,1,1,21.875,Low Gap
EMP0861,Departmental / Academic Administration,3,3,1,2,4,5,3,1,1,1,3,3,0,0,1,4,40.625,Moderate Gap
EMP0862,Departmental / Academic Administration,5,4,2,5,4,4,5,1,0,0,2,0,0,0,0,4,18.75,Low Gap
EMP0863,Departmental / Academic Administration,3,3,2,3,4,5,2,2,1,1,2,2,0,0,2,3,34.375,Moderate Gap
EMP0864,Departmental / Academic Administration,5,2,2,2,4,3,5,5,0,2,2,3,0,1,0,0,25.0,Moderate Gap
EMP0865,Departmental / Academic Administration,1,5,2,3,2,5,2,3,3,0,2,2,2,0,2,2,40.625,Moderate Gap
EMP0866,Departmental / Academic Administration,1,5,3,4,2,4,2,2,3,0,1,1,2,0,2,3,37.5,Moderate Gap
EMP0867,Departmental / Academic Administration,5,2,4,4,4,3,5,5,0,2,0,1,0,1,0,0,12.5,Low Gap
EMP0868,Departmental / Academic Administration,5,5,5,4,5,5,1,4,0,0,0,1,0,0,3,1,15.625,Low Gap
EMP0869,Departmental / Academic Administration,2,3,1,2,4,2,5,5,2,1,3,3,0,2,0,0,34.375,Moderate Gap
EMP0870,Departmental / Academic Administration,3,4,5,2,2,1,1,2,1,0,0,3,2,3,3,3,46.875,Moderate Gap
EMP0871,Departmental / Academic Administration,5,4,5,4,3,3,1,3,0,0,0,1,1,1,3,2,25.0,Moderate Gap
EMP0872,Departmental / Academic Administration,1,1,3,5,4,4,3,3,3,3,1,0,0,0,1,2,31.25,Moderate Gap
EMP0873,Departmental / Academic Administration,2,3,2,1,3,5,5,3,2,1,2,4,1,0,0,2,37.5,Moderate Gap
EMP0874,Departmental / Academic Administration,4,2,3,3,3,3,4,4,0,2,1,2,1,1,0,1,25.0,Moderate Gap
EMP0875,Departmental / Academic Administration,2,4,5,3,3,5,4,2,2,0,0,2,1,0,0,3,25.0,Moderate Gap
EMP0876,Departmental / Academic Administration,3,5,5,5,5,5,3,5,1,0,0,0,0,0,1,0,6.25,Low Gap
EMP0877,Departmental / Academic Administration,5,3,5,3,2,4,4,5,0,1,0,2,2,0,0,0,15.625,Low Gap
EMP0878,Departmental / Academic Administration,5,3,3,1,1,5,4,5,0,1,1,4,3,0,0,0,28.125,Moderate Gap
EMP0879,Departmental / Academic Administration,2,2,5,4,1,3,4,3,2,2,0,1,3,1,0,2,34.375,Moderate Gap
EMP0880,Departmental / Academic Administration,5,2,5,2,2,5,3,4,0,2,0,3,2,0,1,1,28.125,Moderate Gap
EMP0881,Departmental / Academic Administration,4,2,4,1,2,4,2,2,0,2,0,4,2,0,2,3,40.625,Moderate Gap
EMP0882,Departmental / Academic Administration,1,4,4,4,3,4,3,2,3,0,0,1,1,0,1,3,28.125,Moderate Gap
EMP0883,Departmental / Academic Administration,5,4,3,5,4,4,5,5,0,0,1,0,0,0,0,0,3.125,Low Gap
EMP0884,Departmental / Academic Administration,5,5,5,5,4,1,5,5,0,0,0,0,0,3,0,0,9.375,Low Gap
EMP0885,Departmental / Academic Administration,5,5,4,5,4,1,2,1,0,0,0,0,0,3,2,4,28.125,Moderate Gap
EMP0886,Departmental / Academic Administration,1,2,2,5,5,5,2,2,3,2,2,0,0,0,2,3,37.5,Moderate Gap
EMP0887,Departmental / Academic Administration,5,5,5,1,3,2,4,1,0,0,0,4,1,2,0,4,34.375,Moderate Gap
EMP0888,Departmental / Academic Administration,1,4,2,2,2,5,2,4,3,0,2,3,2,0,2,1,40.625,Moderate Gap
EMP0889,Departmental / Academic Administration,3,1,5,5,4,2,5,5,1,3,0,0,0,2,0,0,18.75,Low Gap
EMP0890,Departmental / Academic Administration,5,3,2,5,4,4,4,4,0,1,2,0,0,0,0,1,12.5,Low Gap
EMP0891,Departmental / Academic Administration,3,5,5,4,4,3,4,2,1,0,0,1,0,1,0,3,18.75,Low Gap
EMP0892,Departmental / Academic Administration,1,3,2,2,2,5,1,4,3,1,2,3,2,0,3,1,46.875,Moderate Gap
EMP0893,Departmental / Academic Administration,2,4,2,2,4,4,1,4,2,0,2,3,0,0,3,1,34.375,Moderate Gap
EMP0894,Departmental / Academic Administration,3,4,3,1,1,3,2,1,1,0,1,4,3,1,2,4,50.0,High Gap
EMP0895,Departmental / Academic Administration,3,1,2,5,3,5,4,5,1,3,2,0,1,0,0,0,21.875,Low Gap
EMP0896,Departmental / Academic Administration,4,4,5,4,3,2,5,4,0,0,0,1,1,2,0,1,15.625,Low Gap
EMP0897,Departmental / Academic Administration,5,2,5,5,3,2,2,1,0,2,0,0,1,2,2,4,34.375,Moderate Gap
EMP0898,Departmental / Academic Administration,4,4,5,4,2,4,3,3,0,0,0,1,2,0,1,2,18.75,Low Gap
EMP0899,Departmental / Academic Administration,4,5,4,3,3,3,2,5,0,0,0,2,1,1,2,0,18.75,Low Gap
EMP0900,Departmental / Academic Administration,3,3,2,4,3,2,3,2,1,1,2,1,1,2,1,3,37.5,Moderate Gap
EMP0901,Departmental / Academic Administration,4,3,4,2,1,5,5,5,0,1,0,3,3,0,0,0,21.875,Low Gap
EMP0902,Departmental / Academic Administration,5,2,2,2,1,4,5,5,0,2,2,3,3,0,0,0,31.25,Moderate Gap
EMP0903,Departmental / Academic Administration,1,5,5,5,3,4,1,2,3,0,0,0,1,0,3,3,31.25,Moderate Gap
EMP0904,Departmental / Academic Administration,2,5,2,5,5,5,5,5,2,0,2,0,0,0,0,0,12.5,Low Gap
EMP0905,Departmental / Academic Administration,3,1,1,3,1,1,4,2,1,3,3,2,3,3,0,3,56.25,High Gap
EMP0906,Departmental / Academic Administration,2,5,3,3,3,2,5,3,2,0,1,2,1,2,0,2,31.25,Moderate Gap
EMP0907,Departmental / Academic Administration,4,1,5,5,2,2,2,1,0,3,0,0,2,2,2,4,40.625,Moderate Gap
EMP0908,Departmental / Academic Administration,3,3,3,2,3,4,2,3,1,1,1,3,1,0,2,2,34.375,Moderate Gap
EMP0909,Departmental / Academic Administration,5,3,3,2,4,3,3,3,0,1,1,3,0,1,1,2,28.125,Moderate Gap
EMP0910,Departmental / Academic Administration,1,1,5,5,5,4,1,1,3,3,0,0,0,0,3,4,40.625,Moderate Gap
EMP0911,Departmental / Academic Administration,5,5,5,2,2,4,5,5,0,0,0,3,2,0,0,0,15.625,Low Gap
EMP0912,Departmental / Academic Administration,4,4,5,2,4,5,4,5,0,0,0,3,0,0,0,0,9.375,Low Gap
EMP0913,Departmental / Academic Administration,1,1,1,4,3,5,2,2,3,3,3,1,1,0,2,3,50.0,High Gap
EMP0914,Departmental / Academic Administration,1,3,5,5,5,3,2,1,3,1,0,0,0,1,2,4,34.375,Moderate Gap
EMP0915,Departmental / Academic Administration,5,5,3,5,3,5,4,5,0,0,1,0,1,0,0,0,6.25,Low Gap
EMP0916,Departmental / Academic Administration,2,5,4,2,3,4,3,5,2,0,0,3,1,0,1,0,21.875,Low Gap
EMP0917,Departmental / Academic Administration,3,4,5,5,4,4,1,2,1,0,0,0,0,0,3,3,21.875,Low Gap
EMP0918,Departmental / Academic Administration,1,5,3,4,3,3,2,5,3,0,1,1,1,1,2,0,28.125,Moderate Gap
EMP0919,Departmental / Academic Administration,2,5,1,2,2,4,2,5,2,0,3,3,2,0,2,0,37.5,Moderate Gap
EMP0920,Departmental / Academic Administration,4,2,2,5,4,4,3,5,0,2,2,0,0,0,1,0,15.625,Low Gap
EMP0921,Departmental / Academic Administration,4,1,1,4,4,2,4,4,0,3,3,1,0,2,0,1,31.25,Moderate Gap
EMP0922,Departmental / Academic Administration,5,2,2,5,5,3,5,5,0,2,2,0,0,1,0,0,15.625,Low Gap
EMP0923,Departmental / Academic Administration,5,1,5,1,3,2,3,4,0,3,0,4,1,2,1,1,37.5,Moderate Gap
EMP0924,Departmental / Academic Administration,1,5,5,2,1,5,1,4,3,0,0,3,3,0,3,1,40.625,Moderate Gap
EMP0925,Departmental / Academic Administration,1,5,5,4,4,4,1,3,3,0,0,1,0,0,3,2,28.125,Moderate Gap
EMP0926,Departmental / Academic Administration,5,5,3,4,3,3,5,5,0,0,1,1,1,1,0,0,12.5,Low Gap
EMP0927,Departmental / Academic Administration,3,3,4,4,4,3,4,5,1,1,0,1,0,1,0,0,12.5,Low Gap
EMP0928,Departmental / Academic Administration,5,2,5,3,5,4,4,2,0,2,0,2,0,0,0,3,21.875,Low Gap
EMP0929,Departmental / Academic Administration,2,1,2,2,2,3,5,3,2,3,2,3,2,1,0,2,46.875,Moderate Gap
EMP0930,Departmental / Academic Administration,5,3,2,4,5,3,4,1,0,1,2,1,0,1,0,4,28.125,Moderate Gap
EMP0931,Departmental / Academic Administration,2,4,1,5,5,1,2,4,2,0,3,0,0,3,2,1,34.375,Moderate Gap
EMP0932,Departmental / Academic Administration,5,3,4,1,1,2,4,5,0,1,0,4,3,2,0,0,31.25,Moderate Gap
EMP0933,Departmental / Academic Administration,1,1,1,5,4,4,1,1,3,3,3,0,0,0,3,4,50.0,High Gap
EMP0934,Departmental / Academic Administration,1,1,1,5,4,5,5,5,3,3,3,0,0,0,0,0,28.125,Moderate Gap
EMP0935,Departmental / Academic Administration,2,4,5,5,4,3,1,4,2,0,0,0,0,1,3,1,21.875,Low Gap
EMP0936,Departmental / Academic Administration,3,1,1,3,5,2,5,4,1,3,3,2,0,2,0,1,37.5,Moderate Gap
EMP0937,Departmental / Academic Administration,2,4,1,5,5,1,5,3,2,0,3,0,0,3,0,2,31.25,Moderate Gap
EMP0938,Departmental / Academic Administration,2,3,3,5,1,2,2,1,2,1,1,0,3,2,2,4,46.875,Moderate Gap
EMP0939,Departmental / Academic Administration,4,3,3,3,3,2,4,2,0,1,1,2,1,2,0,3,31.25,Moderate Gap
EMP0940,Departmental / Academic Administration,1,3,1,5,4,1,1,2,3,1,3,0,0,3,3,3,50.0,High Gap
EMP0941,Departmental / Academic Administration,5,2,3,4,3,1,4,4,0,2,1,1,1,3,0,1,28.125,Moderate Gap
EMP0942,Departmental / Academic Administration,4,5,5,5,5,5,5,4,0,0,0,0,0,0,0,1,3.125,Low Gap
EMP0943,Departmental / Academic Administration,5,4,5,2,4,3,5,4,0,0,0,3,0,1,0,1,15.625,Low Gap
EMP0944,Departmental / Academic Administration,4,3,5,5,5,5,4,4,0,1,0,0,0,0,0,1,6.25,Low Gap
EMP0945,Departmental / Academic Administration,4,4,5,2,1,5,1,1,0,0,0,3,3,0,3,4,40.625,Moderate Gap
EMP0946,Departmental / Academic Administration,1,2,1,3,3,4,5,3,3,2,3,2,1,0,0,2,40.625,Moderate Gap
EMP0947,Departmental / Academic Administration,4,3,3,3,3,3,5,5,0,1,1,2,1,1,0,0,18.75,Low Gap
EMP0948,Departmental / Academic Administration,3,3,2,4,4,5,5,5,1,1,2,1,0,0,0,0,15.625,Low Gap
EMP0949,Departmental / Academic Administration,1,5,3,5,5,5,4,5,3,0,1,0,0,0,0,0,12.5,Low Gap
EMP0950,Departmental / Academic Administration,1,3,5,2,5,1,4,2,3,1,0,3,0,3,0,3,40.625,Moderate Gap
EMP0951,Departmental / Academic Administration,1,4,3,3,4,2,4,3,3,0,1,2,0,2,0,2,31.25,Moderate Gap
EMP0952,Departmental / Academic Administration,4,2,2,5,3,2,3,3,0,2,2,0,1,2,1,2,31.25,Moderate Gap
EMP0953,Departmental / Academic Administration,3,5,1,2,2,4,1,5,1,0,3,3,2,0,3,0,37.5,Moderate Gap
EMP0954,Departmental / Academic Administration,5,4,2,5,3,1,4,4,0,0,2,0,1,3,0,1,21.875,Low Gap
EMP0955,Departmental / Academic Administration,5,4,5,4,3,5,3,5,0,0,0,1,1,0,1,0,9.375,Low Gap
EMP0956,Departmental / Academic Administration,4,2,1,5,3,4,4,5,0,2,3,0,1,0,0,0,18.75,Low Gap
EMP0957,Departmental / Academic Administration,5,4,5,2,3,1,3,3,0,0,0,3,1,3,1,2,31.25,Moderate Gap
EMP0958,Departmental / Academic Administration,3,3,1,5,4,4,5,2,1,1,3,0,0,0,0,3,25.0,Moderate Gap
EMP0959,Departmental / Academic Administration,3,4,2,3,4,5,3,3,1,0,2,2,0,0,1,2,25.0,Moderate Gap
EMP0960,Departmental / Academic Administration,3,5,3,1,2,3,2,1,1,0,1,4,2,1,2,4,46.875,Moderate Gap
EMP0961,Departmental / Academic Administration,1,4,4,5,5,4,3,1,3,0,0,0,0,0,1,4,25.0,Moderate Gap
EMP0962,Departmental / Academic Administration,3,5,2,4,5,5,4,3,1,0,2,1,0,0,0,2,18.75,Low Gap
EMP0963,Departmental / Academic Administration,4,4,5,5,2,5,3,1,0,0,0,0,2,0,1,4,21.875,Low Gap
EMP0964,Departmental / Academic Administration,5,1,5,5,4,2,5,4,0,3,0,0,0,2,0,1,18.75,Low Gap
EMP0965,Departmental / Academic Administration,4,3,5,3,1,1,5,5,0,1,0,2,3,3,0,0,28.125,Moderate Gap
EMP0966,Departmental / Academic Administration,5,5,5,5,5,2,5,5,0,0,0,0,0,2,0,0,6.25,Low Gap
EMP0967,Departmental / Academic Administration,3,4,3,4,5,5,5,3,1,0,1,1,0,0,0,2,15.625,Low Gap
EMP0968,Departmental / Academic Administration,5,3,4,1,3,4,4,3,0,1,0,4,1,0,0,2,25.0,Moderate Gap
EMP0969,Departmental / Academic Administration,5,3,5,2,5,1,3,1,0,1,0,3,0,3,1,4,37.5,Moderate Gap
EMP0970,Departmental / Academic Administration,4,3,4,3,4,3,5,4,0,1,0,2,0,1,0,1,15.625,Low Gap
EMP0971,Departmental / Academic Administration,5,2,1,4,3,1,4,1,0,2,3,1,1,3,0,4,43.75,Moderate Gap
EMP0972,Departmental / Academic Administration,1,2,1,2,2,2,3,3,3,2,3,3,2,2,1,2,56.25,High Gap
EMP0973,Departmental / Academic Administration,5,5,5,1,1,1,4,4,0,0,0,4,3,3,0,1,34.375,Moderate Gap
EMP0974,Departmental / Academic Administration,5,5,5,4,5,5,3,5,0,0,0,1,0,0,1,0,6.25,Low Gap
EMP0975,Departmental / Academic Administration,3,5,5,4,1,3,4,2,1,0,0,1,3,1,0,3,28.125,Moderate Gap
EMP0976,Departmental / Academic Administration,2,1,2,4,3,4,1,5,2,3,2,1,1,0,3,0,37.5,Moderate Gap
EMP0977,Departmental / Academic Administration,5,3,4,3,2,3,5,4,0,1,0,2,2,1,0,1,21.875,Low Gap
EMP0978,Departmental / Academic Administration,1,4,3,3,2,1,4,5,3,0,1,2,2,3,0,0,34.375,Moderate Gap
EMP0979,Departmental / Academic Administration,2,4,4,4,4,1,3,1,2,0,0,1,0,3,1,4,34.375,Moderate Gap
EMP0980,Departmental / Academic Administration,5,3,5,4,2,4,3,3,0,1,0,1,2,0,1,2,21.875,Low Gap
EMP0981,Departmental / Academic Administration,1,4,1,5,3,2,1,1,3,0,3,0,1,2,3,4,50.0,High Gap
EMP0982,Departmental / Academic Administration,4,4,4,4,3,5,5,5,0,0,0,1,1,0,0,0,6.25,Low Gap
EMP0983,Departmental / Academic Administration,3,2,2,5,4,4,2,3,1,2,2,0,0,0,2,2,28.125,Moderate Gap
EMP0984,Departmental / Academic Administration,1,4,3,5,4,4,1,5,3,0,1,0,0,0,3,0,21.875,Low Gap
EMP0985,Departmental / Academic Administration,1,1,3,3,2,4,5,3,3,3,1,2,2,0,0,2,40.625,Moderate Gap
EMP0986,Departmental / Academic Administration,1,4,5,4,1,5,1,4,3,0,0,1,3,0,3,1,34.375,Moderate Gap
EMP0987,Departmental / Academic Administration,4,4,5,5,4,3,3,5,0,0,0,0,0,1,1,0,6.25,Low Gap
EMP0988,Departmental / Academic Administration,5,1,2,4,5,2,3,2,0,3,2,1,0,2,1,3,37.5,Moderate Gap
EMP0989,Departmental / Academic Administration,1,3,5,2,2,5,4,3,3,1,0,3,2,0,0,2,34.375,Moderate Gap
EMP0990,Departmental / Academic Administration,4,5,5,2,2,3,1,2,0,0,0,3,2,1,3,3,37.5,Moderate Gap
EMP0991,Departmental / Academic Administration,5,5,5,5,5,3,1,1,0,0,0,0,0,1,3,4,25.0,Moderate Gap
EMP0992,Departmental / Academic Administration,2,2,3,5,2,4,1,1,2,2,1,0,2,0,3,4,43.75,Moderate Gap
EMP0993,Departmental / Academic Administration,3,5,1,1,1,1,4,4,1,0,3,4,3,3,0,1,46.875,Moderate Gap
EMP0994,Departmental / Academic Administration,1,1,1,1,2,3,2,1,3,3,3,4,2,1,2,4,68.75,High Gap
EMP0995,Departmental / Academic Administration,5,1,3,4,5,2,2,4,0,3,1,1,0,2,2,1,31.25,Moderate Gap
EMP0996,Departmental / Academic Administration,3,5,5,1,1,1,4,3,1,0,0,4,3,3,0,2,40.625,Moderate Gap
EMP0997,Departmental / Academic Administration,5,1,2,3,4,5,2,5,0,3,2,2,0,0,2,0,28.125,Moderate Gap
EMP0998,Departmental / Academic Administration,4,3,5,1,4,5,4,4,0,1,0,4,0,0,0,1,18.75,Low Gap
EMP0999,Departmental / Academic Administration,5,2,4,5,3,4,5,5,0,2,0,0,1,0,0,0,9.375,Low Gap
EMP1000,Departmental / Academic Administration,3,2,1,4,4,1,1,1,1,2,3,1,0,3,3,4,53.125,High Gap
