model,Employee_ID,actual,predicted
Logistic Regression,EMP0963,Low Gap,Low Gap
Logistic Regression,EMP0913,High Gap,High Gap
Logistic Regression,EMP0633,Moderate Gap,Moderate Gap
Logistic Regression,EMP0892,Moderate Gap,Moderate Gap
Logistic Regression,EMP0166,High Gap,High Gap
Logistic Regression,EMP0057,Low Gap,Low Gap
Logistic Regression,EMP0327,Moderate Gap,Moderate Gap
Logistic Regression,EMP0172,Low Gap,Low Gap
Logistic Regression,EMP0141,Moderate Gap,Moderate Gap
Logistic Regression,EMP0826,Moderate Gap,Moderate Gap
Logistic Regression,EMP0174,High Gap,High Gap
Logistic Regression,EMP0822,High Gap,High Gap
Logistic Regression,EMP0110,Moderate Gap,Moderate Gap
Logistic Regression,EMP0330,High Gap,High Gap
Logistic Regression,EMP0582,Moderate Gap,Low Gap
Logistic Regression,EMP0209,Low Gap,Low Gap
Logistic Regression,EMP0734,Moderate Gap,High Gap
Logistic Regression,EMP0380,Moderate Gap,Moderate Gap
Logistic Regression,EMP0904,Low Gap,Low Gap
Logistic Regression,EMP0852,Moderate Gap,Moderate Gap
Logistic Regression,EMP0018,Low Gap,Low Gap
Logistic Regression,EMP0704,Moderate Gap,Moderate Gap
Logistic Regression,EMP0162,High Gap,High Gap
Logistic Regression,EMP0689,Low Gap,Low Gap
Logistic Regression,EMP0722,High Gap,High Gap
Logistic Regression,EMP0472,Low Gap,Low Gap
Logistic Regression,EMP0420,Moderate Gap,Moderate Gap
Logistic Regression,EMP0366,Moderate Gap,Moderate Gap
Logistic Regression,EMP0759,Moderate Gap,Moderate Gap
Logistic Regression,EMP0176,Moderate Gap,Moderate Gap
Logistic Regression,EMP0418,Moderate Gap,Moderate Gap
Logistic Regression,EMP0749,Low Gap,Low Gap
Logistic Regression,EMP0823,Moderate Gap,Moderate Gap
Logistic Regression,EMP0815,Moderate Gap,Moderate Gap
Logistic Regression,EMP0294,Low Gap,Low Gap
Logistic Regression,EMP0491,Moderate Gap,Moderate Gap
Logistic Regression,EMP0952,Moderate Gap,Moderate Gap
Logistic Regression,EMP0861,Moderate Gap,Moderate Gap
Logistic Regression,EMP0584,Low Gap,Low Gap
Logistic Regression,EMP0675,Low Gap,Low Gap
Logistic Regression,EMP0718,Moderate Gap,Moderate Gap
Logistic Regression,EMP0074,Moderate Gap,Moderate Gap
Logistic Regression,EMP0855,Moderate Gap,Moderate Gap
Logistic Regression,EMP0639,High Gap,High Gap
Logistic Regression,EMP0694,Moderate Gap,Low Gap
Logistic Regression,EMP0323,Moderate Gap,Moderate Gap
Logistic Regression,EMP0830,Moderate Gap,Moderate Gap
Logistic Regression,EMP0543,Low Gap,Low Gap
Logistic Regression,EMP0444,Moderate Gap,Moderate Gap
Logistic Regression,EMP0711,Moderate Gap,Moderate Gap
Logistic Regression,EMP0882,Moderate Gap,Moderate Gap
Logistic Regression,EMP0439,Moderate Gap,Moderate Gap
Logistic Regression,EMP0363,Moderate Gap,Moderate Gap
Logistic Regression,EMP0918,Moderate Gap,Moderate Gap
Logistic Regression,EMP0814,Moderate Gap,Moderate Gap
Logistic Regression,EMP0890,Low Gap,Low Gap
Logistic Regression,EMP0135,Low Gap,Low Gap
Logistic Regression,EMP0846,Low Gap,Low Gap
Logistic Regression,EMP0977,Low Gap,Low Gap
Logistic Regression,EMP0159,Moderate Gap,Low Gap
Logistic Regression,EMP0790,Moderate Gap,Moderate Gap
Logistic Regression,EMP0397,Moderate Gap,Moderate Gap
Logistic Regression,EMP0145,Moderate Gap,Moderate Gap
Logistic Regression,EMP0435,Moderate Gap,Moderate Gap
Logistic Regression,EMP0148,Low Gap,Low Gap
Logistic Regression,EMP0789,Moderate Gap,Low Gap
Logistic Regression,EMP0009,Moderate Gap,Moderate Gap
Logistic Regression,EMP0222,Low Gap,Low Gap
Logistic Regression,EMP0093,Moderate Gap,Low Gap
Logistic Regression,EMP0470,Moderate Gap,Moderate Gap
Logistic Regression,EMP0690,Moderate Gap,Moderate Gap
Logistic Regression,EMP0466,Moderate Gap,Moderate Gap
Logistic Regression,EMP0605,Low Gap,Low Gap
Logistic Regression,EMP0300,Moderate Gap,Moderate Gap
Logistic Regression,EMP0409,Moderate Gap,Moderate Gap
Logistic Regression,EMP0600,Moderate Gap,Moderate Gap
Logistic Regression,EMP0475,Low Gap,Low Gap
Logistic Regression,EMP0427,Moderate Gap,Moderate Gap
Logistic Regression,EMP0865,Moderate Gap,Moderate Gap
Logistic Regression,EMP0727,Moderate Gap,Moderate Gap
Logistic Regression,EMP0351,Low Gap,Low Gap
Logistic Regression,EMP0364,Moderate Gap,Moderate Gap
Logistic Regression,EMP0342,Moderate Gap,Moderate Gap
Logistic Regression,EMP0023,Moderate Gap,Moderate Gap
Logistic Regression,EMP0681,Moderate Gap,Moderate Gap
Logistic Regression,EMP0186,Moderate Gap,Moderate Gap
Logistic Regression,EMP0206,Moderate Gap,Moderate Gap
Logistic Regression,EMP0457,Moderate Gap,Moderate Gap
Logistic Regression,EMP0084,Moderate Gap,Moderate Gap
Logistic Regression,EMP0653,Moderate Gap,Moderate Gap
Logistic Regression,EMP0270,Moderate Gap,Moderate Gap
Logistic Regression,EMP0123,Moderate Gap,Moderate Gap
Logistic Regression,EMP0939,Moderate Gap,Moderate Gap
Logistic Regression,EMP0732,Low Gap,Low Gap
Logistic Regression,EMP0742,Low Gap,Low Gap
Logistic Regression,EMP0813,Moderate Gap,Moderate Gap
Logistic Regression,EMP0778,Moderate Gap,Moderate Gap
Logistic Regression,EMP0507,Low Gap,Low Gap
Logistic Regression,EMP0443,Moderate Gap,Moderate Gap
Logistic Regression,EMP0262,Moderate Gap,Moderate Gap
Logistic Regression,EMP0991,Moderate Gap,Low Gap
Logistic Regression,EMP0659,High Gap,High Gap
Logistic Regression,EMP0931,Moderate Gap,Moderate Gap
Logistic Regression,EMP0827,Moderate Gap,Moderate Gap
Logistic Regression,EMP0280,Moderate Gap,Moderate Gap
Logistic Regression,EMP0218,Moderate Gap,Moderate Gap
Logistic Regression,EMP0109,Low Gap,Low Gap
Logistic Regression,EMP0285,Low Gap,Low Gap
Logistic Regression,EMP0070,Moderate Gap,High Gap
Logistic Regression,EMP0739,Low Gap,Low Gap
Logistic Regression,EMP0831,High Gap,High Gap
Logistic Regression,EMP0894,High Gap,High Gap
Logistic Regression,EMP0157,Low Gap,Low Gap
Logistic Regression,EMP0334,Low Gap,Low Gap
Logistic Regression,EMP0155,Low Gap,Low Gap
Logistic Regression,EMP0916,Low Gap,Low Gap
Logistic Regression,EMP0819,Low Gap,Low Gap
Logistic Regression,EMP0190,Moderate Gap,Moderate Gap
Logistic Regression,EMP0164,Moderate Gap,High Gap
Logistic Regression,EMP0594,Moderate Gap,Moderate Gap
Logistic Regression,EMP0566,Low Gap,Low Gap
Logistic Regression,EMP0019,High Gap,High Gap
Logistic Regression,EMP0965,Moderate Gap,Moderate Gap
Logistic Regression,EMP0204,Moderate Gap,Moderate Gap
Logistic Regression,EMP0747,Moderate Gap,Moderate Gap
Logistic Regression,EMP0840,Low Gap,Low Gap
Logistic Regression,EMP0834,Moderate Gap,Low Gap
Logistic Regression,EMP0588,Moderate Gap,Moderate Gap
Logistic Regression,EMP0202,Moderate Gap,Moderate Gap
Logistic Regression,EMP0131,Low Gap,Low Gap
Logistic Regression,EMP0017,Moderate Gap,Moderate Gap
Logistic Regression,EMP0097,Moderate Gap,Moderate Gap
Logistic Regression,EMP0027,Moderate Gap,Moderate Gap
Logistic Regression,EMP0672,Moderate Gap,Moderate Gap
Logistic Regression,EMP0567,Moderate Gap,Moderate Gap
Logistic Regression,EMP0460,Low Gap,Low Gap
Logistic Regression,EMP0768,Low Gap,Low Gap
Logistic Regression,EMP0111,Low Gap,Low Gap
Logistic Regression,EMP0165,Low Gap,Low Gap
Logistic Regression,EMP0320,Moderate Gap,Moderate Gap
Logistic Regression,EMP0122,Moderate Gap,Moderate Gap
Logistic Regression,EMP0792,High Gap,Moderate Gap
Logistic Regression,EMP0962,Low Gap,Low Gap
Logistic Regression,EMP0774,High Gap,High Gap
Logistic Regression,EMP0565,Low Gap,Low Gap
Logistic Regression,EMP0467,Moderate Gap,Moderate Gap
Logistic Regression,EMP0259,Moderate Gap,Moderate Gap
Logistic Regression,EMP0021,High Gap,High Gap
Logistic Regression,EMP0876,Low Gap,Low Gap
Logistic Regression,EMP0258,Moderate Gap,High Gap
Logistic Regression,EMP0556,Moderate Gap,Moderate Gap
Logistic Regression,EMP0112,Low Gap,Low Gap
Logistic Regression,EMP0137,Low Gap,Low Gap
Logistic Regression,EMP0118,High Gap,High Gap
Logistic Regression,EMP0574,Moderate Gap,Moderate Gap
Logistic Regression,EMP0750,High Gap,Moderate Gap
Logistic Regression,EMP0152,Moderate Gap,Moderate Gap
Logistic Regression,EMP0450,Moderate Gap,Moderate Gap
Logistic Regression,EMP0053,Low Gap,Low Gap
Logistic Regression,EMP0519,High Gap,High Gap
Logistic Regression,EMP0551,Low Gap,Low Gap
Logistic Regression,EMP0345,Low Gap,Low Gap
Logistic Regression,EMP0321,Moderate Gap,Moderate Gap
Logistic Regression,EMP0629,Moderate Gap,Low Gap
Logistic Regression,EMP0989,Moderate Gap,Moderate Gap
Logistic Regression,EMP0208,Moderate Gap,Moderate Gap
Logistic Regression,EMP0617,Moderate Gap,Moderate Gap
Logistic Regression,EMP0982,Low Gap,Low Gap
Logistic Regression,EMP0037,Moderate Gap,Moderate Gap
Logistic Regression,EMP0513,High Gap,High Gap
Logistic Regression,EMP0052,Moderate Gap,Moderate Gap
Logistic Regression,EMP0295,Moderate Gap,Moderate Gap
Logistic Regression,EMP0240,High Gap,High Gap
Logistic Regression,EMP0440,Moderate Gap,Moderate Gap
Logistic Regression,EMP0372,Moderate Gap,Moderate Gap
Logistic Regression,EMP0374,Low Gap,Low Gap
Logistic Regression,EMP0976,Moderate Gap,Moderate Gap
Logistic Regression,EMP0615,Moderate Gap,Moderate Gap
Logistic Regression,EMP0816,Low Gap,Low Gap
Logistic Regression,EMP0784,Low Gap,Low Gap
Logistic Regression,EMP0686,Moderate Gap,Moderate Gap
Logistic Regression,EMP0373,Moderate Gap,Moderate Gap
Logistic Regression,EMP0979,Moderate Gap,Moderate Gap
Logistic Regression,EMP0309,Moderate Gap,Moderate Gap
Logistic Regression,EMP0303,Low Gap,Low Gap
Logistic Regression,EMP0914,Moderate Gap,Moderate Gap
Logistic Regression,EMP0657,Moderate Gap,Moderate Gap
Logistic Regression,EMP0877,Low Gap,Low Gap
Logistic Regression,EMP0055,Moderate Gap,Moderate Gap
Logistic Regression,EMP0868,Low Gap,Low Gap
Logistic Regression,EMP0061,Moderate Gap,Moderate Gap
Logistic Regression,EMP0609,Low Gap,Low Gap
Logistic Regression,EMP0177,Moderate Gap,Moderate Gap
Logistic Regression,EMP0534,Moderate Gap,Low Gap
Logistic Regression,EMP0612,Moderate Gap,Moderate Gap
Logistic Regression,EMP0804,Low Gap,Low Gap
Logistic Regression,EMP0210,Low Gap,Low Gap
Logistic Regression,EMP0564,Low Gap,Low Gap
Logistic Regression,EMP0652,Moderate Gap,Moderate Gap
Logistic Regression,EMP0149,Low Gap,Low Gap
Decision Tree,EMP0963,Low Gap,Moderate Gap
Decision Tree,EMP0913,High Gap,Moderate Gap
Decision Tree,EMP0633,Moderate Gap,Moderate Gap
Decision Tree,EMP0892,Moderate Gap,Moderate Gap
Decision Tree,EMP0166,High Gap,High Gap
Decision Tree,EMP0057,Low Gap,Low Gap
Decision Tree,EMP0327,Moderate Gap,Moderate Gap
Decision Tree,EMP0172,Low Gap,Low Gap
Decision Tree,EMP0141,Moderate Gap,Low Gap
Decision Tree,EMP0826,Moderate Gap,Moderate Gap
Decision Tree,EMP0174,High Gap,High Gap
Decision Tree,EMP0822,High Gap,High Gap
Decision Tree,EMP0110,Moderate Gap,High Gap
Decision Tree,EMP0330,High Gap,Moderate Gap
Decision Tree,EMP0582,Moderate Gap,Moderate Gap
Decision Tree,EMP0209,Low Gap,Moderate Gap
Decision Tree,EMP0734,Moderate Gap,Moderate Gap
Decision Tree,EMP0380,Moderate Gap,Moderate Gap
Decision Tree,EMP0904,Low Gap,Moderate Gap
Decision Tree,EMP0852,Moderate Gap,Moderate Gap
Decision Tree,EMP0018,Low Gap,Low Gap
Decision Tree,EMP0704,Moderate Gap,Moderate Gap
Decision Tree,EMP0162,High Gap,High Gap
Decision Tree,EMP0689,Low Gap,Low Gap
Decision Tree,EMP0722,High Gap,High Gap
Decision Tree,EMP0472,Low Gap,Low Gap
Decision Tree,EMP0420,Moderate Gap,Moderate Gap
Decision Tree,EMP0366,Moderate Gap,Moderate Gap
Decision Tree,EMP0759,Moderate Gap,Moderate Gap
Decision Tree,EMP0176,Moderate Gap,High Gap
Decision Tree,EMP0418,Moderate Gap,Low Gap
Decision Tree,EMP0749,Low Gap,Moderate Gap
Decision Tree,EMP0823,Moderate Gap,High Gap
Decision Tree,EMP0815,Moderate Gap,Low Gap
Decision Tree,EMP0294,Low Gap,Low Gap
Decision Tree,EMP0491,Moderate Gap,Moderate Gap
Decision Tree,EMP0952,Moderate Gap,High Gap
Decision Tree,EMP0861,Moderate Gap,High Gap
Decision Tree,EMP0584,Low Gap,Low Gap
Decision Tree,EMP0675,Low Gap,Moderate Gap
Decision Tree,EMP0718,Moderate Gap,High Gap
Decision Tree,EMP0074,Moderate Gap,Moderate Gap
Decision Tree,EMP0855,Moderate Gap,Moderate Gap
Decision Tree,EMP0639,High Gap,High Gap
Decision Tree,EMP0694,Moderate Gap,Moderate Gap
Decision Tree,EMP0323,Moderate Gap,High Gap
Decision Tree,EMP0830,Moderate Gap,High Gap
Decision Tree,EMP0543,Low Gap,Low Gap
Decision Tree,EMP0444,Moderate Gap,Moderate Gap
Decision Tree,EMP0711,Moderate Gap,Moderate Gap
Decision Tree,EMP0882,Moderate Gap,Moderate Gap
Decision Tree,EMP0439,Moderate Gap,Moderate Gap
Decision Tree,EMP0363,Moderate Gap,Moderate Gap
Decision Tree,EMP0918,Moderate Gap,Low Gap
Decision Tree,EMP0814,Moderate Gap,Moderate Gap
Decision Tree,EMP0890,Low Gap,Low Gap
Decision Tree,EMP0135,Low Gap,Low Gap
Decision Tree,EMP0846,Low Gap,Low Gap
Decision Tree,EMP0977,Low Gap,Low Gap
Decision Tree,EMP0159,Moderate Gap,Moderate Gap
Decision Tree,EMP0790,Moderate Gap,High Gap
Decision Tree,EMP0397,Moderate Gap,Moderate Gap
Decision Tree,EMP0145,Moderate Gap,High Gap
Decision Tree,EMP0435,Moderate Gap,Low Gap
Decision Tree,EMP0148,Low Gap,Low Gap
Decision Tree,EMP0789,Moderate Gap,Low Gap
Decision Tree,EMP0009,Moderate Gap,High Gap
Decision Tree,EMP0222,Low Gap,Low Gap
Decision Tree,EMP0093,Moderate Gap,High Gap
Decision Tree,EMP0470,Moderate Gap,Moderate Gap
Decision Tree,EMP0690,Moderate Gap,Moderate Gap
Decision Tree,EMP0466,Moderate Gap,Moderate Gap
Decision Tree,EMP0605,Low Gap,Low Gap
Decision Tree,EMP0300,Moderate Gap,High Gap
Decision Tree,EMP0409,Moderate Gap,Moderate Gap
Decision Tree,EMP0600,Moderate Gap,Moderate Gap
Decision Tree,EMP0475,Low Gap,Low Gap
Decision Tree,EMP0427,Moderate Gap,High Gap
Decision Tree,EMP0865,Moderate Gap,Moderate Gap
Decision Tree,EMP0727,Moderate Gap,Moderate Gap
Decision Tree,EMP0351,Low Gap,Low Gap
Decision Tree,EMP0364,Moderate Gap,Moderate Gap
Decision Tree,EMP0342,Moderate Gap,High Gap
Decision Tree,EMP0023,Moderate Gap,Low Gap
Decision Tree,EMP0681,Moderate Gap,Moderate Gap
Decision Tree,EMP0186,Moderate Gap,Moderate Gap
Decision Tree,EMP0206,Moderate Gap,Moderate Gap
Decision Tree,EMP0457,Moderate Gap,Moderate Gap
Decision Tree,EMP0084,Moderate Gap,Moderate Gap
Decision Tree,EMP0653,Moderate Gap,Moderate Gap
Decision Tree,EMP0270,Moderate Gap,Moderate Gap
Decision Tree,EMP0123,Moderate Gap,Moderate Gap
Decision Tree,EMP0939,Moderate Gap,High Gap
Decision Tree,EMP0732,Low Gap,Low Gap
Decision Tree,EMP0742,Low Gap,Low Gap
Decision Tree,EMP0813,Moderate Gap,High Gap
Decision Tree,EMP0778,Moderate Gap,Moderate Gap
Decision Tree,EMP0507,Low Gap,Low Gap
Decision Tree,EMP0443,Moderate Gap,Moderate Gap
Decision Tree,EMP0262,Moderate Gap,Low Gap
Decision Tree,EMP0991,Moderate Gap,Moderate Gap
Decision Tree,EMP0659,High Gap,High Gap
Decision Tree,EMP0931,Moderate Gap,Moderate Gap
Decision Tree,EMP0827,Moderate Gap,Low Gap
Decision Tree,EMP0280,Moderate Gap,High Gap
Decision Tree,EMP0218,Moderate Gap,High Gap
Decision Tree,EMP0109,Low Gap,Low Gap
Decision Tree,EMP0285,Low Gap,Low Gap
Decision Tree,EMP0070,Moderate Gap,Moderate Gap
Decision Tree,EMP0739,Low Gap,Low Gap
Decision Tree,EMP0831,High Gap,High Gap
Decision Tree,EMP0894,High Gap,High Gap
Decision Tree,EMP0157,Low Gap,Low Gap
Decision Tree,EMP0334,Low Gap,Low Gap
Decision Tree,EMP0155,Low Gap,High Gap
Decision Tree,EMP0916,Low Gap,Low Gap
Decision Tree,EMP0819,Low Gap,Low Gap
Decision Tree,EMP0190,Moderate Gap,Low Gap
Decision Tree,EMP0164,Moderate Gap,High Gap
Decision Tree,EMP0594,Moderate Gap,High Gap
Decision Tree,EMP0566,Low Gap,Moderate Gap
Decision Tree,EMP0019,High Gap,High Gap
Decision Tree,EMP0965,Moderate Gap,Low Gap
Decision Tree,EMP0204,Moderate Gap,Moderate Gap
Decision Tree,EMP0747,Moderate Gap,Low Gap
Decision Tree,EMP0840,Low Gap,Low Gap
Decision Tree,EMP0834,Moderate Gap,Low Gap
Decision Tree,EMP0588,Moderate Gap,Low Gap
Decision Tree,EMP0202,Moderate Gap,Moderate Gap
Decision Tree,EMP0131,Low Gap,Low Gap
Decision Tree,EMP0017,Moderate Gap,Moderate Gap
Decision Tree,EMP0097,Moderate Gap,Moderate Gap
Decision Tree,EMP0027,Moderate Gap,Low Gap
Decision Tree,EMP0672,Moderate Gap,High Gap
Decision Tree,EMP0567,Moderate Gap,Moderate Gap
Decision Tree,EMP0460,Low Gap,Moderate Gap
Decision Tree,EMP0768,Low Gap,Low Gap
Decision Tree,EMP0111,Low Gap,Low Gap
Decision Tree,EMP0165,Low Gap,Low Gap
Decision Tree,EMP0320,Moderate Gap,High Gap
Decision Tree,EMP0122,Moderate Gap,Low Gap
Decision Tree,EMP0792,High Gap,High Gap
Decision Tree,EMP0962,Low Gap,Moderate Gap
Decision Tree,EMP0774,High Gap,High Gap
Decision Tree,EMP0565,Low Gap,Low Gap
Decision Tree,EMP0467,Moderate Gap,Moderate Gap
Decision Tree,EMP0259,Moderate Gap,High Gap
Decision Tree,EMP0021,High Gap,High Gap
Decision Tree,EMP0876,Low Gap,Low Gap
Decision Tree,EMP0258,Moderate Gap,High Gap
Decision Tree,EMP0556,Moderate Gap,Moderate Gap
Decision Tree,EMP0112,Low Gap,Low Gap
Decision Tree,EMP0137,Low Gap,Low Gap
Decision Tree,EMP0118,High Gap,High Gap
Decision Tree,EMP0574,Moderate Gap,Moderate Gap
Decision Tree,EMP0750,High Gap,Moderate Gap
Decision Tree,EMP0152,Moderate Gap,Low Gap
Decision Tree,EMP0450,Moderate Gap,Low Gap
Decision Tree,EMP0053,Low Gap,Moderate Gap
Decision Tree,EMP0519,High Gap,High Gap
Decision Tree,EMP0551,Low Gap,Moderate Gap
Decision Tree,EMP0345,Low Gap,Low Gap
Decision Tree,EMP0321,Moderate Gap,Low Gap
Decision Tree,EMP0629,Moderate Gap,Moderate Gap
Decision Tree,EMP0989,Moderate Gap,Moderate Gap
Decision Tree,EMP0208,Moderate Gap,High Gap
Decision Tree,EMP0617,Moderate Gap,Moderate Gap
Decision Tree,EMP0982,Low Gap,Low Gap
Decision Tree,EMP0037,Moderate Gap,Moderate Gap
Decision Tree,EMP0513,High Gap,High Gap
Decision Tree,EMP0052,Moderate Gap,High Gap
Decision Tree,EMP0295,Moderate Gap,Moderate Gap
Decision Tree,EMP0240,High Gap,High Gap
Decision Tree,EMP0440,Moderate Gap,Moderate Gap
Decision Tree,EMP0372,Moderate Gap,Moderate Gap
Decision Tree,EMP0374,Low Gap,Low Gap
Decision Tree,EMP0976,Moderate Gap,Moderate Gap
Decision Tree,EMP0615,Moderate Gap,High Gap
Decision Tree,EMP0816,Low Gap,Low Gap
Decision Tree,EMP0784,Low Gap,Low Gap
Decision Tree,EMP0686,Moderate Gap,High Gap
Decision Tree,EMP0373,Moderate Gap,Moderate Gap
Decision Tree,EMP0979,Moderate Gap,Moderate Gap
Decision Tree,EMP0309,Moderate Gap,High Gap
Decision Tree,EMP0303,Low Gap,Moderate Gap
Decision Tree,EMP0914,Moderate Gap,High Gap
Decision Tree,EMP0657,Moderate Gap,Moderate Gap
Decision Tree,EMP0877,Low Gap,Low Gap
Decision Tree,EMP0055,Moderate Gap,High Gap
Decision Tree,EMP0868,Low Gap,Low Gap
Decision Tree,EMP0061,Moderate Gap,Moderate Gap
Decision Tree,EMP0609,Low Gap,Low Gap
Decision Tree,EMP0177,Moderate Gap,Moderate Gap
Decision Tree,EMP0534,Moderate Gap,Moderate Gap
Decision Tree,EMP0612,Moderate Gap,Moderate Gap
Decision Tree,EMP0804,Low Gap,Low Gap
Decision Tree,EMP0210,Low Gap,Low Gap
Decision Tree,EMP0564,Low Gap,Low Gap
Decision Tree,EMP0652,Moderate Gap,Moderate Gap
Decision Tree,EMP0149,Low Gap,Low Gap
Random Forest,EMP0963,Low Gap,Moderate Gap
Random Forest,EMP0913,High Gap,Moderate Gap
Random Forest,EMP0633,Moderate Gap,Moderate Gap
Random Forest,EMP0892,Moderate Gap,Moderate Gap
Random Forest,EMP0166,High Gap,High Gap
Random Forest,EMP0057,Low Gap,Low Gap
Random Forest,EMP0327,Moderate Gap,Moderate Gap
Random Forest,EMP0172,Low Gap,Low Gap
Random Forest,EMP0141,Moderate Gap,Moderate Gap
Random Forest,EMP0826,Moderate Gap,Moderate Gap
Random Forest,EMP0174,High Gap,High Gap
Random Forest,EMP0822,High Gap,High Gap
Random Forest,EMP0110,Moderate Gap,Moderate Gap
Random Forest,EMP0330,High Gap,High Gap
Random Forest,EMP0582,Moderate Gap,Moderate Gap
Random Forest,EMP0209,Low Gap,Low Gap
Random Forest,EMP0734,Moderate Gap,Moderate Gap
Random Forest,EMP0380,Moderate Gap,Moderate Gap
Random Forest,EMP0904,Low Gap,Low Gap
Random Forest,EMP0852,Moderate Gap,Moderate Gap
Random Forest,EMP0018,Low Gap,Low Gap
Random Forest,EMP0704,Moderate Gap,Moderate Gap
Random Forest,EMP0162,High Gap,High Gap
Random Forest,EMP0689,Low Gap,Low Gap
Random Forest,EMP0722,High Gap,High Gap
Random Forest,EMP0472,Low Gap,Low Gap
Random Forest,EMP0420,Moderate Gap,Moderate Gap
Random Forest,EMP0366,Moderate Gap,Moderate Gap
Random Forest,EMP0759,Moderate Gap,Moderate Gap
Random Forest,EMP0176,Moderate Gap,Moderate Gap
Random Forest,EMP0418,Moderate Gap,Moderate Gap
Random Forest,EMP0749,Low Gap,Low Gap
Random Forest,EMP0823,Moderate Gap,Moderate Gap
Random Forest,EMP0815,Moderate Gap,Moderate Gap
Random Forest,EMP0294,Low Gap,Low Gap
Random Forest,EMP0491,Moderate Gap,Moderate Gap
Random Forest,EMP0952,Moderate Gap,Moderate Gap
Random Forest,EMP0861,Moderate Gap,Moderate Gap
Random Forest,EMP0584,Low Gap,Low Gap
Random Forest,EMP0675,Low Gap,Moderate Gap
Random Forest,EMP0718,Moderate Gap,Moderate Gap
Random Forest,EMP0074,Moderate Gap,Moderate Gap
Random Forest,EMP0855,Moderate Gap,Moderate Gap
Random Forest,EMP0639,High Gap,High Gap
Random Forest,EMP0694,Moderate Gap,Moderate Gap
Random Forest,EMP0323,Moderate Gap,High Gap
Random Forest,EMP0830,Moderate Gap,High Gap
Random Forest,EMP0543,Low Gap,Low Gap
Random Forest,EMP0444,Moderate Gap,Moderate Gap
Random Forest,EMP0711,Moderate Gap,Moderate Gap
Random Forest,EMP0882,Moderate Gap,Moderate Gap
Random Forest,EMP0439,Moderate Gap,Moderate Gap
Random Forest,EMP0363,Moderate Gap,Moderate Gap
Random Forest,EMP0918,Moderate Gap,Moderate Gap
Random Forest,EMP0814,Moderate Gap,Moderate Gap
Random Forest,EMP0890,Low Gap,Low Gap
Random Forest,EMP0135,Low Gap,Low Gap
Random Forest,EMP0846,Low Gap,Low Gap
Random Forest,EMP0977,Low Gap,Low Gap
Random Forest,EMP0159,Moderate Gap,Moderate Gap
Random Forest,EMP0790,Moderate Gap,Moderate Gap
Random Forest,EMP0397,Moderate Gap,Moderate Gap
Random Forest,EMP0145,Moderate Gap,Moderate Gap
Random Forest,EMP0435,Moderate Gap,Moderate Gap
Random Forest,EMP0148,Low Gap,Low Gap
Random Forest,EMP0789,Moderate Gap,Low Gap
Random Forest,EMP0009,Moderate Gap,Moderate Gap
Random Forest,EMP0222,Low Gap,Low Gap
Random Forest,EMP0093,Moderate Gap,Moderate Gap
Random Forest,EMP0470,Moderate Gap,Moderate Gap
Random Forest,EMP0690,Moderate Gap,Moderate Gap
Random Forest,EMP0466,Moderate Gap,Moderate Gap
Random Forest,EMP0605,Low Gap,Low Gap
Random Forest,EMP0300,Moderate Gap,Moderate Gap
Random Forest,EMP0409,Moderate Gap,Moderate Gap
Random Forest,EMP0600,Moderate Gap,Moderate Gap
Random Forest,EMP0475,Low Gap,Low Gap
Random Forest,EMP0427,Moderate Gap,Moderate Gap
Random Forest,EMP0865,Moderate Gap,Moderate Gap
Random Forest,EMP0727,Moderate Gap,Moderate Gap
Random Forest,EMP0351,Low Gap,Low Gap
Random Forest,EMP0364,Moderate Gap,Moderate Gap
Random Forest,EMP0342,Moderate Gap,Moderate Gap
Random Forest,EMP0023,Moderate Gap,Moderate Gap
Random Forest,EMP0681,Moderate Gap,Moderate Gap
Random Forest,EMP0186,Moderate Gap,High Gap
Random Forest,EMP0206,Moderate Gap,Moderate Gap
Random Forest,EMP0457,Moderate Gap,Moderate Gap
Random Forest,EMP0084,Moderate Gap,Moderate Gap
Random Forest,EMP0653,Moderate Gap,Moderate Gap
Random Forest,EMP0270,Moderate Gap,Moderate Gap
Random Forest,EMP0123,Moderate Gap,Moderate Gap
Random Forest,EMP0939,Moderate Gap,Moderate Gap
Random Forest,EMP0732,Low Gap,Low Gap
Random Forest,EMP0742,Low Gap,Low Gap
Random Forest,EMP0813,Moderate Gap,Moderate Gap
Random Forest,EMP0778,Moderate Gap,Moderate Gap
Random Forest,EMP0507,Low Gap,Low Gap
Random Forest,EMP0443,Moderate Gap,Moderate Gap
Random Forest,EMP0262,Moderate Gap,Moderate Gap
Random Forest,EMP0991,Moderate Gap,Moderate Gap
Random Forest,EMP0659,High Gap,High Gap
Random Forest,EMP0931,Moderate Gap,Moderate Gap
Random Forest,EMP0827,Moderate Gap,Moderate Gap
Random Forest,EMP0280,Moderate Gap,High Gap
Random Forest,EMP0218,Moderate Gap,Moderate Gap
Random Forest,EMP0109,Low Gap,Low Gap
Random Forest,EMP0285,Low Gap,Low Gap
Random Forest,EMP0070,Moderate Gap,Moderate Gap
Random Forest,EMP0739,Low Gap,Low Gap
Random Forest,EMP0831,High Gap,High Gap
Random Forest,EMP0894,High Gap,High Gap
Random Forest,EMP0157,Low Gap,Low Gap
Random Forest,EMP0334,Low Gap,Low Gap
Random Forest,EMP0155,Low Gap,Low Gap
Random Forest,EMP0916,Low Gap,Moderate Gap
Random Forest,EMP0819,Low Gap,Low Gap
Random Forest,EMP0190,Moderate Gap,Low Gap
Random Forest,EMP0164,Moderate Gap,Moderate Gap
Random Forest,EMP0594,Moderate Gap,Moderate Gap
Random Forest,EMP0566,Low Gap,Low Gap
Random Forest,EMP0019,High Gap,High Gap
Random Forest,EMP0965,Moderate Gap,Moderate Gap
Random Forest,EMP0204,Moderate Gap,Moderate Gap
Random Forest,EMP0747,Moderate Gap,Low Gap
Random Forest,EMP0840,Low Gap,Low Gap
Random Forest,EMP0834,Moderate Gap,Moderate Gap
Random Forest,EMP0588,Moderate Gap,Low Gap
Random Forest,EMP0202,Moderate Gap,Moderate Gap
Random Forest,EMP0131,Low Gap,Low Gap
Random Forest,EMP0017,Moderate Gap,Moderate Gap
Random Forest,EMP0097,Moderate Gap,Moderate Gap
Random Forest,EMP0027,Moderate Gap,Moderate Gap
Random Forest,EMP0672,Moderate Gap,Moderate Gap
Random Forest,EMP0567,Moderate Gap,Moderate Gap
Random Forest,EMP0460,Low Gap,Moderate Gap
Random Forest,EMP0768,Low Gap,Low Gap
Random Forest,EMP0111,Low Gap,Low Gap
Random Forest,EMP0165,Low Gap,Low Gap
Random Forest,EMP0320,Moderate Gap,Moderate Gap
Random Forest,EMP0122,Moderate Gap,Moderate Gap
Random Forest,EMP0792,High Gap,Moderate Gap
Random Forest,EMP0962,Low Gap,Low Gap
Random Forest,EMP0774,High Gap,High Gap
Random Forest,EMP0565,Low Gap,Low Gap
Random Forest,EMP0467,Moderate Gap,Moderate Gap
Random Forest,EMP0259,Moderate Gap,Moderate Gap
Random Forest,EMP0021,High Gap,High Gap
Random Forest,EMP0876,Low Gap,Low Gap
Random Forest,EMP0258,Moderate Gap,High Gap
Random Forest,EMP0556,Moderate Gap,Moderate Gap
Random Forest,EMP0112,Low Gap,Low Gap
Random Forest,EMP0137,Low Gap,Low Gap
Random Forest,EMP0118,High Gap,High Gap
Random Forest,EMP0574,Moderate Gap,Moderate Gap
Random Forest,EMP0750,High Gap,High Gap
Random Forest,EMP0152,Moderate Gap,Moderate Gap
Random Forest,EMP0450,Moderate Gap,Low Gap
Random Forest,EMP0053,Low Gap,Low Gap
Random Forest,EMP0519,High Gap,High Gap
Random Forest,EMP0551,Low Gap,Low Gap
Random Forest,EMP0345,Low Gap,Low Gap
Random Forest,EMP0321,Moderate Gap,Moderate Gap
Random Forest,EMP0629,Moderate Gap,Moderate Gap
Random Forest,EMP0989,Moderate Gap,Moderate Gap
Random Forest,EMP0208,Moderate Gap,Moderate Gap
Random Forest,EMP0617,Moderate Gap,Moderate Gap
Random Forest,EMP0982,Low Gap,Low Gap
Random Forest,EMP0037,Moderate Gap,Moderate Gap
Random Forest,EMP0513,High Gap,High Gap
Random Forest,EMP0052,Moderate Gap,Moderate Gap
Random Forest,EMP0295,Moderate Gap,Moderate Gap
Random Forest,EMP0240,High Gap,High Gap
Random Forest,EMP0440,Moderate Gap,Moderate Gap
Random Forest,EMP0372,Moderate Gap,Moderate Gap
Random Forest,EMP0374,Low Gap,Low Gap
Random Forest,EMP0976,Moderate Gap,Moderate Gap
Random Forest,EMP0615,Moderate Gap,Moderate Gap
Random Forest,EMP0816,Low Gap,Low Gap
Random Forest,EMP0784,Low Gap,Low Gap
Random Forest,EMP0686,Moderate Gap,Moderate Gap
Random Forest,EMP0373,Moderate Gap,Moderate Gap
Random Forest,EMP0979,Moderate Gap,Moderate Gap
Random Forest,EMP0309,Moderate Gap,High Gap
Random Forest,EMP0303,Low Gap,Low Gap
Random Forest,EMP0914,Moderate Gap,Moderate Gap
Random Forest,EMP0657,Moderate Gap,Moderate Gap
Random Forest,EMP0877,Low Gap,Low Gap
Random Forest,EMP0055,Moderate Gap,Moderate Gap
Random Forest,EMP0868,Low Gap,Low Gap
Random Forest,EMP0061,Moderate Gap,Moderate Gap
Random Forest,EMP0609,Low Gap,Low Gap
Random Forest,EMP0177,Moderate Gap,Moderate Gap
Random Forest,EMP0534,Moderate Gap,Moderate Gap
Random Forest,EMP0612,Moderate Gap,Moderate Gap
Random Forest,EMP0804,Low Gap,Low Gap
Random Forest,EMP0210,Low Gap,Low Gap
Random Forest,EMP0564,Low Gap,Low Gap
Random Forest,EMP0652,Moderate Gap,Moderate Gap
Random Forest,EMP0149,Low Gap,Low Gap
Gradient Boosting,EMP0963,Low Gap,Moderate Gap
Gradient Boosting,EMP0913,High Gap,Moderate Gap
Gradient Boosting,EMP0633,Moderate Gap,Moderate Gap
Gradient Boosting,EMP0892,Moderate Gap,Moderate Gap
Gradient Boosting,EMP0166,High Gap,High Gap
Gradient Boosting,EMP0057,Low Gap,Low Gap
Gradient Boosting,EMP0327,Moderate Gap,Moderate Gap
Gradient Boosting,EMP0172,Low Gap,Low Gap
Gradient Boosting,EMP0141,Moderate Gap,Moderate Gap
Gradient Boosting,EMP0826,Moderate Gap,Moderate Gap
Gradient Boosting,EMP0174,High Gap,High Gap
Gradient Boosting,EMP0822,High Gap,High Gap
Gradient Boosting,EMP0110,Moderate Gap,Moderate Gap
Gradient Boosting,EMP0330,High Gap,Moderate Gap
Gradient Boosting,EMP0582,Moderate Gap,Moderate Gap
Gradient Boosting,EMP0209,Low Gap,Low Gap
Gradient Boosting,EMP0734,Moderate Gap,Moderate Gap
Gradient Boosting,EMP0380,Moderate Gap,Moderate Gap
Gradient Boosting,EMP0904,Low Gap,Low Gap
Gradient Boosting,EMP0852,Moderate Gap,Moderate Gap
Gradient Boosting,EMP0018,Low Gap,Moderate Gap
Gradient Boosting,EMP0704,Moderate Gap,Moderate Gap
Gradient Boosting,EMP0162,High Gap,Moderate Gap
Gradient Boosting,EMP0689,Low Gap,Low Gap
Gradient Boosting,EMP0722,High Gap,High Gap
Gradient Boosting,EMP0472,Low Gap,Low Gap
Gradient Boosting,EMP0420,Moderate Gap,Moderate Gap
Gradient Boosting,EMP0366,Moderate Gap,Moderate Gap
Gradient Boosting,EMP0759,Moderate Gap,Moderate Gap
Gradient Boosting,EMP0176,Moderate Gap,Moderate Gap
Gradient Boosting,EMP0418,Moderate Gap,Moderate Gap
Gradient Boosting,EMP0749,Low Gap,Low Gap
Gradient Boosting,EMP0823,Moderate Gap,Moderate Gap
Gradient Boosting,EMP0815,Moderate Gap,Moderate Gap
Gradient Boosting,EMP0294,Low Gap,Low Gap
Gradient Boosting,EMP0491,Moderate Gap,Moderate Gap
Gradient Boosting,EMP0952,Moderate Gap,Moderate Gap
Gradient Boosting,EMP0861,Moderate Gap,Moderate Gap
Gradient Boosting,EMP0584,Low Gap,Low Gap
Gradient Boosting,EMP0675,Low Gap,Moderate Gap
Gradient Boosting,EMP0718,Moderate Gap,Moderate Gap
Gradient Boosting,EMP0074,Moderate Gap,Moderate Gap
Gradient Boosting,EMP0855,Moderate Gap,Moderate Gap
Gradient Boosting,EMP0639,High Gap,High Gap
Gradient Boosting,EMP0694,Moderate Gap,Moderate Gap
Gradient Boosting,EMP0323,Moderate Gap,Moderate Gap
Gradient Boosting,EMP0830,Moderate Gap,Moderate Gap
Gradient Boosting,EMP0543,Low Gap,Low Gap
Gradient Boosting,EMP0444,Moderate Gap,Moderate Gap
Gradient Boosting,EMP0711,Moderate Gap,Moderate Gap
Gradient Boosting,EMP0882,Moderate Gap,Moderate Gap
Gradient Boosting,EMP0439,Moderate Gap,Moderate Gap
Gradient Boosting,EMP0363,Moderate Gap,Moderate Gap
Gradient Boosting,EMP0918,Moderate Gap,Moderate Gap
Gradient Boosting,EMP0814,Moderate Gap,Moderate Gap
Gradient Boosting,EMP0890,Low Gap,Low Gap
Gradient Boosting,EMP0135,Low Gap,Low Gap
Gradient Boosting,EMP0846,Low Gap,Low Gap
Gradient Boosting,EMP0977,Low Gap,Moderate Gap
Gradient Boosting,EMP0159,Moderate Gap,Moderate Gap
Gradient Boosting,EMP0790,Moderate Gap,Moderate Gap
Gradient Boosting,EMP0397,Moderate Gap,Moderate Gap
Gradient Boosting,EMP0145,Moderate Gap,Moderate Gap
Gradient Boosting,EMP0435,Moderate Gap,Moderate Gap
Gradient Boosting,EMP0148,Low Gap,Low Gap
Gradient Boosting,EMP0789,Moderate Gap,Moderate Gap
Gradient Boosting,EMP0009,Moderate Gap,Moderate Gap
Gradient Boosting,EMP0222,Low Gap,Low Gap
Gradient Boosting,EMP0093,Moderate Gap,Moderate Gap
Gradient Boosting,EMP0470,Moderate Gap,Moderate Gap
Gradient Boosting,EMP0690,Moderate Gap,Moderate Gap
Gradient Boosting,EMP0466,Moderate Gap,Moderate Gap
Gradient Boosting,EMP0605,Low Gap,Low Gap
Gradient Boosting,EMP0300,Moderate Gap,Moderate Gap
Gradient Boosting,EMP0409,Moderate Gap,Moderate Gap
Gradient Boosting,EMP0600,Moderate Gap,Moderate Gap
Gradient Boosting,EMP0475,Low Gap,Low Gap
Gradient Boosting,EMP0427,Moderate Gap,Moderate Gap
Gradient Boosting,EMP0865,Moderate Gap,Moderate Gap
Gradient Boosting,EMP0727,Moderate Gap,Moderate Gap
Gradient Boosting,EMP0351,Low Gap,Low Gap
Gradient Boosting,EMP0364,Moderate Gap,Moderate Gap
Gradient Boosting,EMP0342,Moderate Gap,Moderate Gap
Gradient Boosting,EMP0023,Moderate Gap,Moderate Gap
Gradient Boosting,EMP0681,Moderate Gap,Moderate Gap
Gradient Boosting,EMP0186,Moderate Gap,Moderate Gap
Gradient Boosting,EMP0206,Moderate Gap,Moderate Gap
Gradient Boosting,EMP0457,Moderate Gap,Moderate Gap
Gradient Boosting,EMP0084,Moderate Gap,Moderate Gap
Gradient Boosting,EMP0653,Moderate Gap,Moderate Gap
Gradient Boosting,EMP0270,Moderate Gap,Moderate Gap
Gradient Boosting,EMP0123,Moderate Gap,Moderate Gap
Gradient Boosting,EMP0939,Moderate Gap,Moderate Gap
Gradient Boosting,EMP0732,Low Gap,Low Gap
Gradient Boosting,EMP0742,Low Gap,Low Gap
Gradient Boosting,EMP0813,Moderate Gap,Moderate Gap
Gradient Boosting,EMP0778,Moderate Gap,Moderate Gap
Gradient Boosting,EMP0507,Low Gap,Low Gap
Gradient Boosting,EMP0443,Moderate Gap,Moderate Gap
Gradient Boosting,EMP0262,Moderate Gap,Moderate Gap
Gradient Boosting,EMP0991,Moderate Gap,Moderate Gap
Gradient Boosting,EMP0659,High Gap,Moderate Gap
Gradient Boosting,EMP0931,Moderate Gap,Moderate Gap
Gradient Boosting,EMP0827,Moderate Gap,Moderate Gap
Gradient Boosting,EMP0280,Moderate Gap,Moderate Gap
Gradient Boosting,EMP0218,Moderate Gap,Moderate Gap
Gradient Boosting,EMP0109,Low Gap,Low Gap
Gradient Boosting,EMP0285,Low Gap,Low Gap
Gradient Boosting,EMP0070,Moderate Gap,Moderate Gap
Gradient Boosting,EMP0739,Low Gap,Low Gap
Gradient Boosting,EMP0831,High Gap,High Gap
Gradient Boosting,EMP0894,High Gap,Moderate Gap
Gradient Boosting,EMP0157,Low Gap,Low Gap
Gradient Boosting,EMP0334,Low Gap,Low Gap
Gradient Boosting,EMP0155,Low Gap,Moderate Gap
Gradient Boosting,EMP0916,Low Gap,Moderate Gap
Gradient Boosting,EMP0819,Low Gap,Low Gap
Gradient Boosting,EMP0190,Moderate Gap,Moderate Gap
Gradient Boosting,EMP0164,Moderate Gap,Moderate Gap
Gradient Boosting,EMP0594,Moderate Gap,Moderate Gap
Gradient Boosting,EMP0566,Low Gap,Moderate Gap
Gradient Boosting,EMP0019,High Gap,Moderate Gap
Gradient Boosting,EMP0965,Moderate Gap,Moderate Gap
Gradient Boosting,EMP0204,Moderate Gap,Moderate Gap
Gradient Boosting,EMP0747,Moderate Gap,Moderate Gap
Gradient Boosting,EMP0840,Low Gap,Low Gap
Gradient Boosting,EMP0834,Moderate Gap,Moderate Gap
Gradient Boosting,EMP0588,Moderate Gap,Moderate Gap
Gradient Boosting,EMP0202,Moderate Gap,Moderate Gap
Gradient Boosting,EMP0131,Low Gap,Low Gap
Gradient Boosting,EMP0017,Moderate Gap,Moderate Gap
Gradient Boosting,EMP0097,Moderate Gap,Moderate Gap
Gradient Boosting,EMP0027,Moderate Gap,Moderate Gap
Gradient Boosting,EMP0672,Moderate Gap,Moderate Gap
Gradient Boosting,EMP0567,Moderate Gap,Moderate Gap
Gradient Boosting,EMP0460,Low Gap,Moderate Gap
Gradient Boosting,EMP0768,Low Gap,Low Gap
Gradient Boosting,EMP0111,Low Gap,Low Gap
Gradient Boosting,EMP0165,Low Gap,Low Gap
Gradient Boosting,EMP0320,Moderate Gap,Moderate Gap
Gradient Boosting,EMP0122,Moderate Gap,Moderate Gap
Gradient Boosting,EMP0792,High Gap,Moderate Gap
Gradient Boosting,EMP0962,Low Gap,Low Gap
Gradient Boosting,EMP0774,High Gap,High Gap
Gradient Boosting,EMP0565,Low Gap,Low Gap
Gradient Boosting,EMP0467,Moderate Gap,Moderate Gap
Gradient Boosting,EMP0259,Moderate Gap,Moderate Gap
Gradient Boosting,EMP0021,High Gap,High Gap
Gradient Boosting,EMP0876,Low Gap,Low Gap
Gradient Boosting,EMP0258,Moderate Gap,Moderate Gap
Gradient Boosting,EMP0556,Moderate Gap,Moderate Gap
Gradient Boosting,EMP0112,Low Gap,Low Gap
Gradient Boosting,EMP0137,Low Gap,Low Gap
Gradient Boosting,EMP0118,High Gap,Moderate Gap
Gradient Boosting,EMP0574,Moderate Gap,Moderate Gap
Gradient Boosting,EMP0750,High Gap,Moderate Gap
Gradient Boosting,EMP0152,Moderate Gap,Moderate Gap
Gradient Boosting,EMP0450,Moderate Gap,Moderate Gap
Gradient Boosting,EMP0053,Low Gap,Moderate Gap
Gradient Boosting,EMP0519,High Gap,Moderate Gap
Gradient Boosting,EMP0551,Low Gap,Moderate Gap
Gradient Boosting,EMP0345,Low Gap,Low Gap
Gradient Boosting,EMP0321,Moderate Gap,Moderate Gap
Gradient Boosting,EMP0629,Moderate Gap,Moderate Gap
Gradient Boosting,EMP0989,Moderate Gap,Moderate Gap
Gradient Boosting,EMP0208,Moderate Gap,Moderate Gap
Gradient Boosting,EMP0617,Moderate Gap,Moderate Gap
Gradient Boosting,EMP0982,Low Gap,Low Gap
Gradient Boosting,EMP0037,Moderate Gap,Moderate Gap
Gradient Boosting,EMP0513,High Gap,Moderate Gap
Gradient Boosting,EMP0052,Moderate Gap,Moderate Gap
Gradient Boosting,EMP0295,Moderate Gap,Moderate Gap
Gradient Boosting,EMP0240,High Gap,Moderate Gap
Gradient Boosting,EMP0440,Moderate Gap,Moderate Gap
Gradient Boosting,EMP0372,Moderate Gap,Moderate Gap
Gradient Boosting,EMP0374,Low Gap,Low Gap
Gradient Boosting,EMP0976,Moderate Gap,Moderate Gap
Gradient Boosting,EMP0615,Moderate Gap,Moderate Gap
Gradient Boosting,EMP0816,Low Gap,Low Gap
Gradient Boosting,EMP0784,Low Gap,Low Gap
Gradient Boosting,EMP0686,Moderate Gap,Moderate Gap
Gradient Boosting,EMP0373,Moderate Gap,Moderate Gap
Gradient Boosting,EMP0979,Moderate Gap,Moderate Gap
Gradient Boosting,EMP0309,Moderate Gap,Moderate Gap
Gradient Boosting,EMP0303,Low Gap,Low Gap
Gradient Boosting,EMP0914,Moderate Gap,Moderate Gap
Gradient Boosting,EMP0657,Moderate Gap,Moderate Gap
Gradient Boosting,EMP0877,Low Gap,Low Gap
Gradient Boosting,EMP0055,Moderate Gap,Moderate Gap
Gradient Boosting,EMP0868,Low Gap,Low Gap
Gradient Boosting,EMP0061,Moderate Gap,Moderate Gap
Gradient Boosting,EMP0609,Low Gap,Low Gap
Gradient Boosting,EMP0177,Moderate Gap,Moderate Gap
Gradient Boosting,EMP0534,Moderate Gap,Moderate Gap
Gradient Boosting,EMP0612,Moderate Gap,Moderate Gap
Gradient Boosting,EMP0804,Low Gap,Low Gap
Gradient Boosting,EMP0210,Low Gap,Low Gap
Gradient Boosting,EMP0564,Low Gap,Low Gap
Gradient Boosting,EMP0652,Moderate Gap,Moderate Gap
Gradient Boosting,EMP0149,Low Gap,Low Gap
