model,feature,importance_mean,importance_std,method
Logistic Regression,Role,0.026896567273147792,0.011176164598955448,held-out permutation importance; macro-F1 decrease
Logistic Regression,C1,0.10510548795339777,0.03569566977759384,held-out permutation importance; macro-F1 decrease
Logistic Regression,C2,0.07156490136214043,0.024704185154803826,held-out permutation importance; macro-F1 decrease
Logistic Regression,C3,0.12011052616922713,0.023251370480022907,held-out permutation importance; macro-F1 decrease
Logistic Regression,C4,0.12855689429776687,0.02170662430629044,held-out permutation importance; macro-F1 decrease
Logistic Regression,C5,0.06914088390179682,0.017007495475696317,held-out permutation importance; macro-F1 decrease
Logistic Regression,C6,0.15038823007242272,0.031428398517150964,held-out permutation importance; macro-F1 decrease
Logistic Regression,C7,0.09137955777251995,0.026952767638823347,held-out permutation importance; macro-F1 decrease
Logistic Regression,C8,0.17976200071594084,0.02796561969686532,held-out permutation importance; macro-F1 decrease
Decision Tree,Role,0.004522481365061143,0.010690343858433616,held-out permutation importance; macro-F1 decrease
Decision Tree,C1,0.014752466432032896,0.01112963177792515,held-out permutation importance; macro-F1 decrease
Decision Tree,C2,0.041429458487660706,0.021237607918831315,held-out permutation importance; macro-F1 decrease
Decision Tree,C3,0.07223284678827102,0.023679375595410692,held-out permutation importance; macro-F1 decrease
Decision Tree,C4,0.006256244403773176,0.014469040918836287,held-out permutation importance; macro-F1 decrease
Decision Tree,C5,0.05099642606235978,0.018589410528129794,held-out permutation importance; macro-F1 decrease
Decision Tree,C6,0.05635504263033879,0.01712078516176666,held-out permutation importance; macro-F1 decrease
Decision Tree,C7,0.006246402859636147,0.007008291709691095,held-out permutation importance; macro-F1 decrease
Decision Tree,C8,0.16121095733829663,0.02309568739940012,held-out permutation importance; macro-F1 decrease
Random Forest,Role,0.015831408474717278,0.012514147110788814,held-out permutation importance; macro-F1 decrease
Random Forest,C1,0.09951759643593058,0.03518848493176194,held-out permutation importance; macro-F1 decrease
Random Forest,C2,0.08720001076617216,0.035285951790826144,held-out permutation importance; macro-F1 decrease
Random Forest,C3,0.15843081634447514,0.024573575108719135,held-out permutation importance; macro-F1 decrease
Random Forest,C4,0.10928305160308563,0.022976299582099853,held-out permutation importance; macro-F1 decrease
Random Forest,C5,0.07820707050491786,0.021136578142380874,held-out permutation importance; macro-F1 decrease
Random Forest,C6,0.13591089268502632,0.028334170656212854,held-out permutation importance; macro-F1 decrease
Random Forest,C7,0.031829621524872134,0.021018788958391613,held-out permutation importance; macro-F1 decrease
Random Forest,C8,0.20856366611272903,0.03242266157837474,held-out permutation importance; macro-F1 decrease
Gradient Boosting,Role,-0.009051487585049551,0.011884658973752144,held-out permutation importance; macro-F1 decrease
Gradient Boosting,C1,0.10483814631610766,0.039495516134133234,held-out permutation importance; macro-F1 decrease
Gradient Boosting,C2,0.021108057128724274,0.03052675569440377,held-out permutation importance; macro-F1 decrease
Gradient Boosting,C3,0.13688873129427695,0.03355111154805706,held-out permutation importance; macro-F1 decrease
Gradient Boosting,C4,0.08365997670351935,0.022794588483620436,held-out permutation importance; macro-F1 decrease
Gradient Boosting,C5,0.06705767386618645,0.027316849496576263,held-out permutation importance; macro-F1 decrease
Gradient Boosting,C6,0.11875754332087193,0.027232919406575875,held-out permutation importance; macro-F1 decrease
Gradient Boosting,C7,0.05490657926636113,0.019352976957998373,held-out permutation importance; macro-F1 decrease
Gradient Boosting,C8,0.19666653939019066,0.032324803674886216,held-out permutation importance; macro-F1 decrease
