Employee_ID,Role,C1,C2,C3,C4,C5,C6,C7,C8
EMP0001,Registry / Records Administration,5,4,4,1,1,3,3,4
EMP0002,Registry / Records Administration,2,5,3,5,2,5,5,3
EMP0003,Registry / Records Administration,5,4,4,4,4,3,3,5
EMP0004,Registry / Records Administration,4,2,3,4,4,5,5,3
EMP0005,Registry / Records Administration,5,1,4,3,2,1,3,5
EMP0006,Registry / Records Administration,3,3,2,5,4,5,5,5
EMP0007,Registry / Records Administration,3,3,2,5,4,3,5,4
EMP0008,Registry / Records Administration,5,2,4,4,4,2,2,4
EMP0009,Registry / Records Administration,5,5,2,1,1,1,5,4
EMP0010,Registry / Records Administration,5,1,3,3,5,3,3,5
EMP0011,Registry / Records Administration,1,5,3,4,4,3,3,1
EMP0012,Registry / Records Administration,4,4,3,3,2,2,3,1
EMP0013,Registry / Records Administration,3,2,3,3,3,3,5,5
EMP0014,Registry / Records Administration,3,3,1,2,4,2,2,2
EMP0015,Registry / Records Administration,4,3,3,3,2,5,1,1
EMP0016,Registry / Records Administration,1,1,4,1,1,5,4,4
EMP0017,Registry / Records Administration,1,4,3,4,5,2,5,4
EMP0018,Registry / Records Administration,3,2,2,5,5,5,3,5
EMP0019,Registry / Records Administration,5,2,2,2,4,3,1,1
EMP0020,Registry / Records Administration,1,4,2,4,3,5,5,5
EMP0021,Registry / Records Administration,1,4,3,1,1,2,1,1
EMP0022,Registry / Records Administration,5,2,3,2,3,2,2,1
EMP0023,Registry / Records Administration,5,5,2,3,4,2,5,1
EMP0024,Registry / Records Administration,4,3,1,4,1,4,4,2
EMP0025,Registry / Records Administration,2,3,4,4,3,3,4,1
EMP0026,Registry / Records Administration,5,5,5,2,3,5,5,5
EMP0027,Registry / Records Administration,4,5,5,3,4,2,2,2
EMP0028,Registry / Records Administration,5,1,5,4,5,2,5,3
EMP0029,Registry / Records Administration,4,5,1,5,4,5,1,4
EMP0030,Registry / Records Administration,2,3,3,4,1,4,1,2
EMP0031,Registry / Records Administration,1,4,1,4,1,5,2,5
EMP0032,Registry / Records Administration,4,3,4,5,4,3,2,1
EMP0033,Registry / Records Administration,5,4,5,3,5,2,2,5
EMP0034,Registry / Records Administration,5,2,2,3,3,1,3,1
EMP0035,Registry / Records Administration,1,4,2,1,3,2,4,3
EMP0036,Registry / Records Administration,1,5,4,4,1,4,2,5
EMP0037,Registry / Records Administration,4,5,5,2,2,3,1,3
EMP0038,Registry / Records Administration,1,5,1,3,1,4,4,2
EMP0039,Registry / Records Administration,4,5,3,3,4,4,3,1
EMP0040,Registry / Records Administration,5,3,3,2,2,4,5,4
EMP0041,Registry / Records Administration,4,3,3,5,4,3,1,4
EMP0042,Registry / Records Administration,3,3,3,4,3,3,1,3
EMP0043,Registry / Records Administration,2,3,2,2,1,5,5,4
EMP0044,Registry / Records Administration,3,3,1,3,2,4,5,3
EMP0045,Registry / Records Administration,5,3,5,5,5,5,5,5
EMP0046,Registry / Records Administration,1,4,3,1,1,4,2,4
EMP0047,Registry / Records Administration,5,5,5,2,1,5,4,4
EMP0048,Registry / Records Administration,4,3,1,4,3,4,1,2
EMP0049,Registry / Records Administration,5,5,5,1,1,5,2,5
EMP0050,Registry / Records Administration,4,3,1,4,4,2,5,1
EMP0051,Registry / Records Administration,4,5,4,4,5,2,5,3
EMP0052,Registry / Records Administration,3,5,1,2,4,5,1,3
EMP0053,Registry / Records Administration,5,4,3,3,1,5,5,4
EMP0054,Registry / Records Administration,5,5,5,5,5,3,3,2
EMP0055,Registry / Records Administration,3,5,5,2,2,2,3,1
EMP0056,Registry / Records Administration,3,4,4,1,1,1,4,1
EMP0057,Registry / Records Administration,4,5,2,5,4,5,5,4
EMP0058,Registry / Records Administration,2,5,4,1,4,3,4,5
EMP0059,Registry / Records Administration,2,3,2,3,1,1,4,1
EMP0060,Registry / Records Administration,3,3,4,3,5,5,5,3
EMP0061,Registry / Records Administration,3,4,1,3,1,4,2,4
EMP0062,Registry / Records Administration,2,3,5,3,3,1,1,1
EMP0063,Registry / Records Administration,1,3,3,2,2,5,3,3
EMP0064,Registry / Records Administration,5,2,3,2,1,5,2,5
EMP0065,Registry / Records Administration,5,1,5,2,5,5,3,4
EMP0066,Registry / Records Administration,3,5,2,5,3,3,3,1
EMP0067,Registry / Records Administration,1,4,1,3,2,5,1,5
EMP0068,Registry / Records Administration,2,2,1,3,2,4,2,1
EMP0069,Registry / Records Administration,3,4,5,3,3,5,2,5
EMP0070,Registry / Records Administration,2,2,3,3,5,1,4,2
EMP0071,Registry / Records Administration,5,3,5,3,2,5,2,2
EMP0072,Registry / Records Administration,1,5,4,4,4,5,1,1
EMP0073,Registry / Records Administration,1,4,3,3,3,3,1,5
EMP0074,Registry / Records Administration,2,4,4,3,3,3,3,4
EMP0075,Registry / Records Administration,5,4,3,5,5,3,5,5
EMP0076,Registry / Records Administration,4,3,4,5,3,5,4,1
EMP0077,Registry / Records Administration,3,5,2,5,4,5,3,1
EMP0078,Registry / Records Administration,1,3,3,4,3,2,1,2
EMP0079,Registry / Records Administration,2,3,5,1,4,4,4,5
EMP0080,Registry / Records Administration,5,2,5,3,2,3,1,1
EMP0081,Registry / Records Administration,5,4,5,4,3,3,4,5
EMP0082,Registry / Records Administration,4,1,2,2,5,5,3,4
EMP0083,Registry / Records Administration,3,3,4,2,1,5,1,3
EMP0084,Registry / Records Administration,1,4,4,5,5,2,2,1
EMP0085,Registry / Records Administration,2,4,4,4,5,2,1,1
EMP0086,Registry / Records Administration,4,4,2,2,3,5,2,4
EMP0087,Registry / Records Administration,3,5,5,5,4,5,1,2
EMP0088,Registry / Records Administration,4,1,1,5,4,1,1,2
EMP0089,Registry / Records Administration,3,5,5,2,2,4,4,4
EMP0090,Registry / Records Administration,4,4,3,5,5,3,1,1
EMP0091,Registry / Records Administration,5,2,2,3,3,4,5,2
EMP0092,Registry / Records Administration,4,3,1,5,4,5,3,5
EMP0093,Registry / Records Administration,4,3,1,5,3,3,5,5
EMP0094,Registry / Records Administration,3,3,3,5,3,3,5,2
EMP0095,Registry / Records Administration,2,2,5,3,3,2,4,1
EMP0096,Registry / Records Administration,1,2,2,2,1,5,5,3
EMP0097,Registry / Records Administration,1,3,2,5,5,3,3,5
EMP0098,Registry / Records Administration,5,5,5,2,5,3,1,2
EMP0099,Registry / Records Administration,3,3,4,3,5,4,5,3
EMP0100,Registry / Records Administration,1,1,1,1,2,3,2,1
EMP0101,Registry / Records Administration,3,3,5,5,5,2,1,1
EMP0102,Registry / Records Administration,5,3,5,5,5,5,2,3
EMP0103,Registry / Records Administration,1,4,3,1,3,2,2,1
EMP0104,Registry / Records Administration,1,3,4,5,5,4,2,2
EMP0105,Registry / Records Administration,1,5,1,3,4,3,1,4
EMP0106,Registry / Records Administration,5,1,1,2,2,4,3,5
EMP0107,Registry / Records Administration,1,5,2,5,5,1,2,2
EMP0108,Registry / Records Administration,3,3,3,5,3,5,5,5
EMP0109,Registry / Records Administration,5,5,4,5,3,4,5,4
EMP0110,Registry / Records Administration,3,5,4,1,1,5,5,1
EMP0111,Registry / Records Administration,5,5,5,4,4,4,4,5
EMP0112,Registry / Records Administration,4,2,4,5,5,5,5,5
EMP0113,Registry / Records Administration,5,3,2,2,2,2,1,2
EMP0114,Registry / Records Administration,3,1,2,3,5,5,5,5
EMP0115,Registry / Records Administration,5,3,4,4,3,4,5,4
EMP0116,Registry / Records Administration,4,5,5,4,1,4,1,3
EMP0117,Registry / Records Administration,3,5,3,1,3,4,2,3
EMP0118,Registry / Records Administration,5,3,2,2,3,1,1,3
EMP0119,Registry / Records Administration,5,1,1,3,5,5,3,5
EMP0120,Registry / Records Administration,1,4,1,2,5,5,3,5
EMP0121,Registry / Records Administration,5,2,5,4,5,5,5,5
EMP0122,Registry / Records Administration,4,4,2,3,3,5,2,3
EMP0123,Registry / Records Administration,5,3,4,1,1,5,1,3
EMP0124,Registry / Records Administration,3,2,1,5,5,2,1,3
EMP0125,Registry / Records Administration,1,3,1,3,4,3,1,3
EMP0126,Registry / Records Administration,1,5,1,3,2,2,5,4
EMP0127,Registry / Records Administration,1,3,1,5,3,1,1,1
EMP0128,Registry / Records Administration,1,3,2,1,1,3,5,3
EMP0129,Registry / Records Administration,2,3,3,3,4,5,1,5
EMP0130,Registry / Records Administration,5,4,4,1,1,4,3,4
EMP0131,Registry / Records Administration,4,4,1,5,5,5,5,5
EMP0132,Registry / Records Administration,4,4,3,2,3,3,4,1
EMP0133,Registry / Records Administration,5,3,1,1,2,2,5,2
EMP0134,Registry / Records Administration,5,3,4,5,5,2,4,3
EMP0135,Registry / Records Administration,5,5,4,4,1,5,5,5
EMP0136,Registry / Records Administration,2,3,4,1,1,2,4,1
EMP0137,Registry / Records Administration,4,5,5,2,4,5,3,5
EMP0138,Registry / Records Administration,5,1,2,5,4,4,5,3
EMP0139,Registry / Records Administration,5,5,5,4,4,3,2,5
EMP0140,Registry / Records Administration,2,5,5,2,3,4,3,1
EMP0141,Registry / Records Administration,2,5,4,2,5,5,1,2
EMP0142,Registry / Records Administration,4,4,5,5,5,5,4,5
EMP0143,Registry / Records Administration,3,2,4,4,4,5,3,5
EMP0144,Registry / Records Administration,3,3,2,5,2,5,1,4
EMP0145,Registry / Records Administration,3,3,5,3,1,3,4,1
EMP0146,Registry / Records Administration,3,3,3,5,5,3,4,4
EMP0147,Registry / Records Administration,1,4,5,2,3,4,4,2
EMP0148,Registry / Records Administration,5,2,5,5,3,4,4,4
EMP0149,Registry / Records Administration,5,5,5,4,3,5,2,5
EMP0150,Registry / Records Administration,2,4,1,3,5,3,1,3
EMP0151,Registry / Records Administration,1,5,4,2,3,4,2,5
EMP0152,Registry / Records Administration,5,2,2,5,4,3,2,4
EMP0153,Registry / Records Administration,2,5,2,5,4,3,5,2
EMP0154,Registry / Records Administration,1,3,3,5,3,5,5,5
EMP0155,Registry / Records Administration,4,4,4,5,3,3,5,3
EMP0156,Registry / Records Administration,1,4,2,2,5,3,4,1
EMP0157,Registry / Records Administration,4,5,4,3,5,3,4,4
EMP0158,Registry / Records Administration,5,3,5,5,3,2,5,2
EMP0159,Registry / Records Administration,2,5,2,5,5,3,2,5
EMP0160,Registry / Records Administration,3,5,4,4,5,5,1,3
EMP0161,Registry / Records Administration,5,3,5,2,1,3,3,4
EMP0162,Registry / Records Administration,2,1,1,2,3,2,5,3
EMP0163,Registry / Records Administration,5,4,4,2,4,2,5,5
EMP0164,Registry / Records Administration,1,4,1,1,4,4,1,4
EMP0165,Registry / Records Administration,5,3,5,4,4,3,5,3
EMP0166,Registry / Records Administration,5,3,1,2,1,2,2,3
EMP0167,Registry / Records Administration,3,1,1,5,5,5,1,3
EMP0168,Registry / Records Administration,1,3,5,4,1,4,1,1
EMP0169,Registry / Records Administration,4,5,4,2,2,5,3,3
EMP0170,Registry / Records Administration,1,4,5,2,5,5,4,4
EMP0171,Registry / Records Administration,5,3,5,5,5,5,1,5
EMP0172,Registry / Records Administration,4,3,2,4,3,4,4,5
EMP0173,Registry / Records Administration,2,2,2,5,5,3,4,5
EMP0174,Registry / Records Administration,2,1,1,2,1,1,2,1
EMP0175,Registry / Records Administration,3,4,5,5,5,4,4,3
EMP0176,Registry / Records Administration,4,5,5,3,3,3,5,1
EMP0177,Registry / Records Administration,3,1,1,3,3,4,4,4
EMP0178,Registry / Records Administration,4,5,5,4,1,5,5,2
EMP0179,Registry / Records Administration,1,2,3,5,2,5,1,5
EMP0180,Registry / Records Administration,3,3,5,3,4,5,3,4
EMP0181,Registry / Records Administration,5,5,5,4,3,2,2,3
EMP0182,Registry / Records Administration,5,5,5,5,5,3,3,5
EMP0183,Registry / Records Administration,2,5,4,3,2,4,4,5
EMP0184,Registry / Records Administration,1,2,2,5,4,3,1,2
EMP0185,Registry / Records Administration,5,1,5,1,1,1,3,2
EMP0186,Registry / Records Administration,2,4,4,4,2,4,1,1
EMP0187,Registry / Records Administration,4,1,1,3,2,4,1,1
EMP0188,Registry / Records Administration,4,3,1,5,3,3,5,5
EMP0189,Registry / Records Administration,2,5,5,3,1,4,3,4
EMP0190,Registry / Records Administration,3,1,2,4,4,5,3,5
EMP0191,Registry / Records Administration,1,4,1,3,3,5,4,5
EMP0192,Registry / Records Administration,5,2,2,5,5,5,5,1
EMP0193,Registry / Records Administration,3,5,1,4,5,5,5,3
EMP0194,Registry / Records Administration,3,5,5,5,5,5,1,4
EMP0195,Registry / Records Administration,2,2,1,1,2,5,3,5
EMP0196,Registry / Records Administration,2,5,5,4,4,1,5,3
EMP0197,Registry / Records Administration,5,4,5,4,4,3,2,4
EMP0198,Registry / Records Administration,2,3,4,5,3,4,4,1
EMP0199,Registry / Records Administration,2,2,4,5,3,5,2,5
EMP0200,Registry / Records Administration,4,5,4,2,2,5,1,4
EMP0201,Human Resources Administration,5,1,2,5,3,5,1,3
EMP0202,Human Resources Administration,5,4,5,3,4,2,3,3
EMP0203,Human Resources Administration,5,5,5,5,5,2,1,1
EMP0204,Human Resources Administration,3,4,5,2,3,3,2,1
EMP0205,Human Resources Administration,3,5,5,3,2,5,3,4
EMP0206,Human Resources Administration,4,1,3,2,3,4,4,5
EMP0207,Human Resources Administration,4,3,1,4,2,5,4,5
EMP0208,Human Resources Administration,4,2,3,4,4,3,4,1
EMP0209,Human Resources Administration,3,4,2,5,5,3,5,5
EMP0210,Human Resources Administration,5,5,3,5,4,5,3,5
EMP0211,Human Resources Administration,3,4,5,5,5,2,5,1
EMP0212,Human Resources Administration,2,3,3,1,1,3,2,3
EMP0213,Human Resources Administration,2,1,2,3,2,5,4,5
EMP0214,Human Resources Administration,2,5,5,1,1,5,3,3
EMP0215,Human Resources Administration,5,2,5,5,5,5,3,1
EMP0216,Human Resources Administration,3,3,2,3,4,3,5,5
EMP0217,Human Resources Administration,5,5,5,3,5,2,3,3
EMP0218,Human Resources Administration,2,5,1,5,5,4,2,3
EMP0219,Human Resources Administration,4,4,1,5,4,2,5,1
EMP0220,Human Resources Administration,1,5,5,5,5,5,5,3
EMP0221,Human Resources Administration,5,3,4,3,4,4,4,5
EMP0222,Human Resources Administration,5,5,3,5,3,5,5,4
EMP0223,Human Resources Administration,4,1,2,3,1,4,3,5
EMP0224,Human Resources Administration,5,4,4,5,2,2,4,4
EMP0225,Human Resources Administration,3,4,4,5,4,4,4,5
EMP0226,Human Resources Administration,4,4,2,5,4,3,1,3
EMP0227,Human Resources Administration,3,2,1,5,2,2,3,5
EMP0228,Human Resources Administration,1,3,5,3,1,4,3,5
EMP0229,Human Resources Administration,5,4,1,4,2,4,1,4
EMP0230,Human Resources Administration,4,3,5,3,1,4,3,3
EMP0231,Human Resources Administration,5,2,3,5,4,3,2,2
EMP0232,Human Resources Administration,5,5,5,5,4,1,4,1
EMP0233,Human Resources Administration,1,4,3,3,2,2,3,1
EMP0234,Human Resources Administration,5,4,5,5,5,4,1,5
EMP0235,Human Resources Administration,5,3,4,5,4,5,1,4
EMP0236,Human Resources Administration,3,5,4,3,3,4,1,1
EMP0237,Human Resources Administration,2,3,4,3,3,5,3,4
EMP0238,Human Resources Administration,3,4,5,5,5,3,2,3
EMP0239,Human Resources Administration,1,4,1,4,4,4,3,2
EMP0240,Human Resources Administration,1,4,3,3,2,2,1,1
EMP0241,Human Resources Administration,2,4,5,2,3,5,2,1
EMP0242,Human Resources Administration,3,3,4,4,5,1,3,2
EMP0243,Human Resources Administration,3,5,4,3,3,4,4,5
EMP0244,Human Resources Administration,5,5,5,3,3,2,5,5
EMP0245,Human Resources Administration,2,3,5,3,3,5,3,4
EMP0246,Human Resources Administration,4,5,5,5,5,2,2,2
EMP0247,Human Resources Administration,4,5,4,1,4,5,3,5
EMP0248,Human Resources Administration,2,1,1,3,3,5,2,4
EMP0249,Human Resources Administration,3,1,1,3,5,5,3,1
EMP0250,Human Resources Administration,3,4,5,3,4,5,1,2
EMP0251,Human Resources Administration,5,3,2,5,2,1,5,1
EMP0252,Human Resources Administration,1,4,3,1,1,4,1,1
EMP0253,Human Resources Administration,5,3,4,2,3,3,3,3
EMP0254,Human Resources Administration,1,3,1,3,4,2,1,1
EMP0255,Human Resources Administration,1,3,1,5,3,2,4,3
EMP0256,Human Resources Administration,4,1,1,2,3,4,2,1
EMP0257,Human Resources Administration,1,4,3,2,5,1,1,3
EMP0258,Human Resources Administration,2,2,1,5,3,3,3,2
EMP0259,Human Resources Administration,5,4,3,1,4,2,4,2
EMP0260,Human Resources Administration,1,2,2,4,5,5,4,4
EMP0261,Human Resources Administration,4,3,2,5,5,4,4,5
EMP0262,Human Resources Administration,5,3,3,3,4,2,4,4
EMP0263,Human Resources Administration,3,5,2,3,1,5,5,5
EMP0264,Human Resources Administration,5,5,5,2,2,3,3,4
EMP0265,Human Resources Administration,2,3,5,5,3,4,5,5
EMP0266,Human Resources Administration,1,4,2,3,3,5,3,1
EMP0267,Human Resources Administration,3,5,5,4,5,2,3,3
EMP0268,Human Resources Administration,3,3,5,3,4,2,2,2
EMP0269,Human Resources Administration,2,5,3,4,3,5,5,5
EMP0270,Human Resources Administration,5,2,5,5,4,1,5,3
EMP0271,Human Resources Administration,1,5,3,5,4,4,3,3
EMP0272,Human Resources Administration,5,4,4,3,5,1,1,3
EMP0273,Human Resources Administration,5,5,5,3,5,3,3,5
EMP0274,Human Resources Administration,1,5,3,4,2,5,1,5
EMP0275,Human Resources Administration,3,3,4,5,3,3,3,1
EMP0276,Human Resources Administration,4,2,2,4,4,3,1,4
EMP0277,Human Resources Administration,5,3,4,3,3,5,5,4
EMP0278,Human Resources Administration,2,3,1,5,3,5,2,2
EMP0279,Human Resources Administration,5,1,5,3,4,1,5,4
EMP0280,Human Resources Administration,4,3,2,2,5,3,1,2
EMP0281,Human Resources Administration,3,3,4,3,2,5,5,3
EMP0282,Human Resources Administration,4,5,3,5,5,3,4,5
EMP0283,Human Resources Administration,1,3,3,4,3,3,1,3
EMP0284,Human Resources Administration,5,4,3,5,5,4,3,3
EMP0285,Human Resources Administration,4,5,5,5,5,4,3,3
EMP0286,Human Resources Administration,4,1,4,5,5,5,4,5
EMP0287,Human Resources Administration,2,5,3,3,1,5,5,5
EMP0288,Human Resources Administration,5,5,2,2,2,4,5,1
EMP0289,Human Resources Administration,4,2,5,4,3,4,1,2
EMP0290,Human Resources Administration,5,5,5,3,3,5,3,5
EMP0291,Human Resources Administration,5,2,4,3,3,4,5,3
EMP0292,Human Resources Administration,4,2,2,5,5,2,2,1
EMP0293,Human Resources Administration,4,4,2,5,5,1,3,5
EMP0294,Human Resources Administration,3,4,5,3,4,2,5,5
EMP0295,Human Resources Administration,3,5,4,2,2,5,2,1
EMP0296,Human Resources Administration,1,1,2,4,2,3,2,2
EMP0297,Human Resources Administration,2,5,5,2,2,3,3,2
EMP0298,Human Resources Administration,5,5,1,2,2,2,3,5
EMP0299,Human Resources Administration,4,5,4,4,4,2,2,5
EMP0300,Human Resources Administration,3,4,3,5,3,1,3,1
EMP0301,Human Resources Administration,2,2,1,3,2,3,1,1
EMP0302,Human Resources Administration,3,3,5,5,3,3,4,2
EMP0303,Human Resources Administration,2,5,4,5,5,2,4,5
EMP0304,Human Resources Administration,5,4,4,5,5,4,5,3
EMP0305,Human Resources Administration,3,5,4,5,5,4,3,2
EMP0306,Human Resources Administration,5,2,3,4,4,2,5,4
EMP0307,Human Resources Administration,5,2,1,4,4,5,4,5
EMP0308,Human Resources Administration,4,2,3,5,5,5,3,3
EMP0309,Human Resources Administration,1,2,1,1,4,4,3,5
EMP0310,Human Resources Administration,4,5,4,2,4,4,3,5
EMP0311,Human Resources Administration,1,5,2,5,5,3,1,1
EMP0312,Human Resources Administration,3,5,5,1,2,5,5,4
EMP0313,Human Resources Administration,3,4,5,5,4,2,3,4
EMP0314,Human Resources Administration,5,4,4,3,5,3,1,1
EMP0315,Human Resources Administration,4,3,3,5,4,5,2,5
EMP0316,Human Resources Administration,1,2,1,3,4,5,4,3
EMP0317,Human Resources Administration,4,4,2,4,4,5,5,5
EMP0318,Human Resources Administration,5,5,3,5,3,4,4,2
EMP0319,Human Resources Administration,5,2,2,4,3,5,3,5
EMP0320,Human Resources Administration,5,3,3,5,1,3,4,3
EMP0321,Human Resources Administration,2,5,5,3,4,4,2,3
EMP0322,Human Resources Administration,5,5,5,3,3,2,4,2
EMP0323,Human Resources Administration,1,3,3,4,4,3,1,2
EMP0324,Human Resources Administration,5,3,1,2,1,4,5,5
EMP0325,Human Resources Administration,2,2,3,4,3,4,1,2
EMP0326,Human Resources Administration,3,3,1,4,4,5,2,5
EMP0327,Human Resources Administration,3,4,5,4,2,4,5,1
EMP0328,Human Resources Administration,1,2,1,1,3,3,1,1
EMP0329,Human Resources Administration,4,3,1,4,5,5,2,2
EMP0330,Human Resources Administration,3,3,1,2,2,3,1,4
EMP0331,Human Resources Administration,5,1,4,1,2,3,4,2
EMP0332,Human Resources Administration,5,4,3,2,5,1,3,4
EMP0333,Human Resources Administration,3,4,3,3,3,3,2,2
EMP0334,Human Resources Administration,5,5,5,5,4,5,4,5
EMP0335,Human Resources Administration,5,3,3,2,1,5,5,4
EMP0336,Human Resources Administration,3,3,3,5,4,4,5,2
EMP0337,Human Resources Administration,2,1,1,1,2,4,3,4
EMP0338,Human Resources Administration,5,5,4,2,2,1,2,3
EMP0339,Human Resources Administration,1,1,1,1,2,4,3,3
EMP0340,Human Resources Administration,3,3,5,3,3,5,4,4
EMP0341,Human Resources Administration,4,3,1,4,2,1,2,2
EMP0342,Human Resources Administration,4,4,3,3,2,4,4,1
EMP0343,Human Resources Administration,3,1,4,2,3,3,3,2
EMP0344,Human Resources Administration,5,5,5,5,3,2,5,5
EMP0345,Human Resources Administration,5,3,2,5,4,5,4,4
EMP0346,Human Resources Administration,5,5,3,2,2,5,5,4
EMP0347,Human Resources Administration,1,3,2,3,1,5,3,3
EMP0348,Human Resources Administration,2,4,3,5,4,4,4,1
EMP0349,Human Resources Administration,4,4,5,5,3,2,3,3
EMP0350,Human Resources Administration,2,4,2,3,3,3,3,3
EMP0351,Human Resources Administration,5,5,4,5,4,3,4,5
EMP0352,Human Resources Administration,5,5,5,4,4,5,4,2
EMP0353,Human Resources Administration,3,3,3,4,5,2,4,1
EMP0354,Human Resources Administration,4,4,2,1,3,3,1,4
EMP0355,Human Resources Administration,1,5,4,1,4,5,4,5
EMP0356,Human Resources Administration,1,1,4,5,5,4,1,3
EMP0357,Human Resources Administration,1,2,1,3,5,5,2,5
EMP0358,Human Resources Administration,2,2,2,5,5,4,4,4
EMP0359,Human Resources Administration,5,4,1,4,3,5,3,5
EMP0360,Human Resources Administration,3,5,5,4,2,3,2,2
EMP0361,Human Resources Administration,2,5,3,3,3,2,5,5
EMP0362,Human Resources Administration,3,4,5,2,2,5,4,5
EMP0363,Human Resources Administration,3,3,2,1,2,5,3,5
EMP0364,Human Resources Administration,5,5,5,2,2,3,5,2
EMP0365,Human Resources Administration,1,5,3,4,4,2,2,2
EMP0366,Human Resources Administration,5,5,4,5,4,3,1,1
EMP0367,Human Resources Administration,4,2,2,3,4,3,1,1
EMP0368,Human Resources Administration,5,5,2,4,4,4,4,3
EMP0369,Human Resources Administration,3,4,1,3,4,4,3,1
EMP0370,Human Resources Administration,5,5,5,4,2,3,5,1
EMP0371,Human Resources Administration,5,3,3,5,4,3,4,5
EMP0372,Human Resources Administration,1,3,2,2,1,5,5,5
EMP0373,Human Resources Administration,5,5,5,4,4,1,2,3
EMP0374,Human Resources Administration,4,5,4,4,4,5,5,5
EMP0375,Human Resources Administration,5,5,5,5,5,3,1,4
EMP0376,Human Resources Administration,5,1,4,5,4,4,3,5
EMP0377,Human Resources Administration,5,3,5,4,4,5,5,4
EMP0378,Human Resources Administration,4,2,3,3,2,2,3,3
EMP0379,Human Resources Administration,1,5,5,5,3,3,3,3
EMP0380,Human Resources Administration,2,1,1,3,5,4,2,4
EMP0381,Human Resources Administration,4,4,5,4,4,4,5,3
EMP0382,Human Resources Administration,5,2,4,4,3,2,5,5
EMP0383,Human Resources Administration,5,3,5,5,4,4,3,5
EMP0384,Human Resources Administration,1,1,1,5,5,5,4,4
EMP0385,Human Resources Administration,3,2,1,4,2,4,5,5
EMP0386,Human Resources Administration,4,5,5,3,4,5,5,5
EMP0387,Human Resources Administration,3,3,4,5,5,5,3,5
EMP0388,Human Resources Administration,2,5,1,5,4,3,3,4
EMP0389,Human Resources Administration,5,5,5,2,4,5,3,1
EMP0390,Human Resources Administration,3,5,5,5,4,4,1,1
EMP0391,Human Resources Administration,5,5,5,3,3,2,2,5
EMP0392,Human Resources Administration,3,2,1,4,4,4,1,1
EMP0393,Human Resources Administration,1,2,1,5,2,2,4,1
EMP0394,Human Resources Administration,2,1,2,2,4,5,1,3
EMP0395,Human Resources Administration,3,5,3,3,2,4,1,2
EMP0396,Human Resources Administration,4,2,5,4,5,4,2,1
EMP0397,Human Resources Administration,5,3,1,2,2,3,5,4
EMP0398,Human Resources Administration,4,4,2,1,2,5,5,5
EMP0399,Human Resources Administration,1,5,4,3,4,4,1,3
EMP0400,Human Resources Administration,2,3,1,1,3,5,1,1
EMP0401,Finance / Accounts Administration,5,5,3,1,4,4,1,3
EMP0402,Finance / Accounts Administration,1,2,2,3,4,5,1,3
EMP0403,Finance / Accounts Administration,2,1,1,3,5,3,3,5
EMP0404,Finance / Accounts Administration,2,1,1,4,4,5,2,5
EMP0405,Finance / Accounts Administration,4,5,5,2,5,4,1,5
EMP0406,Finance / Accounts Administration,2,2,3,3,4,5,3,5
EMP0407,Finance / Accounts Administration,3,3,1,3,5,1,2,5
EMP0408,Finance / Accounts Administration,4,2,2,5,5,3,4,3
EMP0409,Finance / Accounts Administration,2,5,4,4,3,4,3,3
EMP0410,Finance / Accounts Administration,5,3,5,5,3,3,1,1
EMP0411,Finance / Accounts Administration,3,4,3,1,3,1,5,5
EMP0412,Finance / Accounts Administration,3,2,1,1,1,2,3,3
EMP0413,Finance / Accounts Administration,1,5,3,3,5,1,1,4
EMP0414,Finance / Accounts Administration,2,3,1,4,4,4,3,2
EMP0415,Finance / Accounts Administration,5,3,5,3,4,5,4,4
EMP0416,Finance / Accounts Administration,3,5,5,3,2,5,2,5
EMP0417,Finance / Accounts Administration,4,5,5,1,1,4,3,3
EMP0418,Finance / Accounts Administration,5,5,3,3,2,3,3,2
EMP0419,Finance / Accounts Administration,5,5,5,3,4,4,5,5
EMP0420,Finance / Accounts Administration,3,3,2,1,1,5,5,5
EMP0421,Finance / Accounts Administration,5,3,5,4,4,1,2,5
EMP0422,Finance / Accounts Administration,3,3,1,3,2,3,1,3
EMP0423,Finance / Accounts Administration,5,3,5,2,4,5,5,1
EMP0424,Finance / Accounts Administration,4,5,5,3,3,5,1,2
EMP0425,Finance / Accounts Administration,5,1,2,2,3,1,5,5
EMP0426,Finance / Accounts Administration,3,1,2,2,2,5,3,3
EMP0427,Finance / Accounts Administration,4,2,1,3,5,3,3,5
EMP0428,Finance / Accounts Administration,5,3,2,5,4,3,3,4
EMP0429,Finance / Accounts Administration,3,4,5,3,5,2,5,1
EMP0430,Finance / Accounts Administration,1,4,5,3,5,5,2,3
EMP0431,Finance / Accounts Administration,5,5,2,3,5,5,2,5
EMP0432,Finance / Accounts Administration,3,3,1,1,3,4,5,3
EMP0433,Finance / Accounts Administration,2,4,5,3,2,5,2,2
EMP0434,Finance / Accounts Administration,5,5,4,2,4,5,2,5
EMP0435,Finance / Accounts Administration,4,3,3,1,3,4,4,5
EMP0436,Finance / Accounts Administration,3,5,5,1,3,2,3,4
EMP0437,Finance / Accounts Administration,5,4,5,2,1,5,2,4
EMP0438,Finance / Accounts Administration,2,5,2,3,2,3,1,3
EMP0439,Finance / Accounts Administration,5,3,5,2,3,1,4,3
EMP0440,Finance / Accounts Administration,5,3,5,4,5,5,1,1
EMP0441,Finance / Accounts Administration,5,2,4,1,3,4,5,5
EMP0442,Finance / Accounts Administration,2,2,2,5,4,3,5,1
EMP0443,Finance / Accounts Administration,1,3,3,5,4,4,1,4
EMP0444,Finance / Accounts Administration,1,4,5,5,4,1,2,1
EMP0445,Finance / Accounts Administration,1,5,5,3,4,5,3,4
EMP0446,Finance / Accounts Administration,5,1,4,5,5,2,4,1
EMP0447,Finance / Accounts Administration,4,5,5,3,3,5,4,3
EMP0448,Finance / Accounts Administration,5,2,4,2,2,2,3,1
EMP0449,Finance / Accounts Administration,2,5,4,4,3,2,2,3
EMP0450,Finance / Accounts Administration,3,3,5,2,2,3,4,5
EMP0451,Finance / Accounts Administration,5,4,3,3,3,5,2,5
EMP0452,Finance / Accounts Administration,5,5,5,4,4,4,4,1
EMP0453,Finance / Accounts Administration,5,1,3,4,2,5,4,5
EMP0454,Finance / Accounts Administration,4,3,5,3,5,1,5,5
EMP0455,Finance / Accounts Administration,4,3,5,3,3,4,4,2
EMP0456,Finance / Accounts Administration,5,1,5,3,5,5,4,1
EMP0457,Finance / Accounts Administration,4,4,5,5,5,1,2,2
EMP0458,Finance / Accounts Administration,5,4,4,3,1,2,4,3
EMP0459,Finance / Accounts Administration,1,3,2,4,5,4,3,1
EMP0460,Finance / Accounts Administration,1,4,5,4,3,5,1,5
EMP0461,Finance / Accounts Administration,1,5,4,5,2,4,4,2
EMP0462,Finance / Accounts Administration,2,3,2,3,3,3,5,4
EMP0463,Finance / Accounts Administration,3,5,5,5,4,5,5,5
EMP0464,Finance / Accounts Administration,4,4,5,4,4,2,5,5
EMP0465,Finance / Accounts Administration,5,2,2,2,2,4,5,5
EMP0466,Finance / Accounts Administration,3,4,2,2,4,3,4,5
EMP0467,Finance / Accounts Administration,2,4,2,2,5,3,5,5
EMP0468,Finance / Accounts Administration,5,4,5,3,2,2,4,1
EMP0469,Finance / Accounts Administration,1,2,4,3,3,5,1,4
EMP0470,Finance / Accounts Administration,5,4,5,1,3,3,4,1
EMP0471,Finance / Accounts Administration,1,2,5,2,5,1,3,1
EMP0472,Finance / Accounts Administration,5,5,5,5,5,5,5,5
EMP0473,Finance / Accounts Administration,5,3,5,3,1,4,4,2
EMP0474,Finance / Accounts Administration,3,2,1,2,2,2,3,1
EMP0475,Finance / Accounts Administration,5,3,4,4,5,3,4,5
EMP0476,Finance / Accounts Administration,5,5,5,1,1,1,4,2
EMP0477,Finance / Accounts Administration,5,3,5,1,2,1,4,2
EMP0478,Finance / Accounts Administration,3,5,5,4,5,1,3,3
EMP0479,Finance / Accounts Administration,1,3,4,5,4,3,5,1
EMP0480,Finance / Accounts Administration,3,4,5,1,3,2,3,5
EMP0481,Finance / Accounts Administration,2,3,4,2,4,5,1,5
EMP0482,Finance / Accounts Administration,2,4,2,5,5,5,1,3
EMP0483,Finance / Accounts Administration,3,3,3,3,1,3,3,3
EMP0484,Finance / Accounts Administration,4,3,4,2,4,5,5,5
EMP0485,Finance / Accounts Administration,2,5,5,3,4,5,3,5
EMP0486,Finance / Accounts Administration,2,1,4,3,5,5,4,5
EMP0487,Finance / Accounts Administration,5,2,5,5,4,4,3,4
EMP0488,Finance / Accounts Administration,1,3,3,5,5,5,1,5
EMP0489,Finance / Accounts Administration,5,1,4,4,1,2,5,5
EMP0490,Finance / Accounts Administration,2,3,5,3,4,2,1,3
EMP0491,Finance / Accounts Administration,3,3,2,3,5,2,4,4
EMP0492,Finance / Accounts Administration,5,3,4,3,2,2,4,3
EMP0493,Finance / Accounts Administration,1,4,4,4,3,3,5,3
EMP0494,Finance / Accounts Administration,1,4,4,5,5,4,3,2
EMP0495,Finance / Accounts Administration,4,5,5,1,1,2,1,5
EMP0496,Finance / Accounts Administration,3,5,2,3,5,5,3,3
EMP0497,Finance / Accounts Administration,1,2,1,2,3,3,3,4
EMP0498,Finance / Accounts Administration,4,2,4,5,3,1,3,1
EMP0499,Finance / Accounts Administration,5,4,5,2,4,4,2,5
EMP0500,Finance / Accounts Administration,3,3,5,2,3,2,3,3
EMP0501,Finance / Accounts Administration,4,3,5,1,4,3,3,2
EMP0502,Finance / Accounts Administration,4,5,5,3,4,3,2,5
EMP0503,Finance / Accounts Administration,1,2,4,2,1,3,3,5
EMP0504,Finance / Accounts Administration,4,3,5,1,1,5,3,3
EMP0505,Finance / Accounts Administration,5,3,5,3,3,3,3,4
EMP0506,Finance / Accounts Administration,5,2,4,4,3,2,5,3
EMP0507,Finance / Accounts Administration,5,4,3,3,2,5,5,5
EMP0508,Finance / Accounts Administration,4,2,3,4,2,4,5,4
EMP0509,Finance / Accounts Administration,4,5,5,3,4,4,2,5
EMP0510,Finance / Accounts Administration,5,5,5,3,2,5,2,4
EMP0511,Finance / Accounts Administration,5,3,4,2,3,5,3,5
EMP0512,Finance / Accounts Administration,3,5,5,5,3,3,4,5
EMP0513,Finance / Accounts Administration,1,2,2,1,3,2,4,2
EMP0514,Finance / Accounts Administration,1,4,2,5,5,3,3,3
EMP0515,Finance / Accounts Administration,4,4,3,4,4,1,5,5
EMP0516,Finance / Accounts Administration,4,4,2,4,2,5,4,3
EMP0517,Finance / Accounts Administration,2,5,2,5,5,5,4,4
EMP0518,Finance / Accounts Administration,3,5,4,5,5,4,3,3
EMP0519,Finance / Accounts Administration,1,3,1,3,2,2,2,4
EMP0520,Finance / Accounts Administration,4,2,2,1,1,5,5,5
EMP0521,Finance / Accounts Administration,4,3,5,2,3,4,1,4
EMP0522,Finance / Accounts Administration,1,4,3,5,5,5,1,5
EMP0523,Finance / Accounts Administration,1,5,5,5,3,4,5,2
EMP0524,Finance / Accounts Administration,4,4,2,5,4,5,5,2
EMP0525,Finance / Accounts Administration,3,3,4,3,2,4,2,3
EMP0526,Finance / Accounts Administration,2,5,4,4,4,3,2,1
EMP0527,Finance / Accounts Administration,5,4,5,4,2,2,4,2
EMP0528,Finance / Accounts Administration,4,2,5,5,5,3,2,4
EMP0529,Finance / Accounts Administration,1,3,2,2,4,5,1,3
EMP0530,Finance / Accounts Administration,3,2,4,4,4,2,5,5
EMP0531,Finance / Accounts Administration,3,5,5,2,3,4,4,4
EMP0532,Finance / Accounts Administration,1,5,5,1,1,4,4,4
EMP0533,Finance / Accounts Administration,2,3,2,3,2,4,1,1
EMP0534,Finance / Accounts Administration,5,5,5,2,3,4,3,2
EMP0535,Finance / Accounts Administration,3,3,2,1,3,5,2,3
EMP0536,Finance / Accounts Administration,5,5,5,5,4,5,5,5
EMP0537,Finance / Accounts Administration,4,1,5,5,4,5,3,3
EMP0538,Finance / Accounts Administration,4,5,5,5,4,5,1,5
EMP0539,Finance / Accounts Administration,5,5,5,2,4,5,1,5
EMP0540,Finance / Accounts Administration,2,3,5,2,2,5,3,3
EMP0541,Finance / Accounts Administration,3,1,4,2,4,4,1,5
EMP0542,Finance / Accounts Administration,2,4,5,5,4,4,3,1
EMP0543,Finance / Accounts Administration,5,5,5,4,5,3,3,3
EMP0544,Finance / Accounts Administration,3,2,1,5,4,4,1,1
EMP0545,Finance / Accounts Administration,1,4,4,2,3,4,3,1
EMP0546,Finance / Accounts Administration,5,4,2,4,2,3,5,5
EMP0547,Finance / Accounts Administration,3,4,3,5,2,3,2,4
EMP0548,Finance / Accounts Administration,3,4,5,5,1,4,1,2
EMP0549,Finance / Accounts Administration,4,4,4,3,4,2,1,3
EMP0550,Finance / Accounts Administration,5,4,5,4,4,5,4,5
EMP0551,Finance / Accounts Administration,5,5,5,4,5,1,5,3
EMP0552,Finance / Accounts Administration,4,3,5,2,2,4,5,4
EMP0553,Finance / Accounts Administration,5,1,3,3,5,5,4,5
EMP0554,Finance / Accounts Administration,3,5,5,1,1,5,3,5
EMP0555,Finance / Accounts Administration,3,5,3,4,4,5,5,5
EMP0556,Finance / Accounts Administration,3,5,4,1,4,2,1,1
EMP0557,Finance / Accounts Administration,4,4,5,4,2,2,1,4
EMP0558,Finance / Accounts Administration,2,2,5,5,4,4,5,3
EMP0559,Finance / Accounts Administration,5,1,5,3,2,5,5,5
EMP0560,Finance / Accounts Administration,4,5,4,2,1,3,1,2
EMP0561,Finance / Accounts Administration,3,5,5,3,5,5,1,1
EMP0562,Finance / Accounts Administration,1,4,2,3,3,3,3,3
EMP0563,Finance / Accounts Administration,5,3,4,5,5,3,5,3
EMP0564,Finance / Accounts Administration,4,3,4,4,2,5,1,5
EMP0565,Finance / Accounts Administration,5,4,5,5,4,5,5,5
EMP0566,Finance / Accounts Administration,3,5,5,2,3,4,5,3
EMP0567,Finance / Accounts Administration,4,3,5,4,4,4,2,1
EMP0568,Finance / Accounts Administration,5,5,5,4,3,5,3,5
EMP0569,Finance / Accounts Administration,4,1,5,4,3,1,1,4
EMP0570,Finance / Accounts Administration,5,2,4,4,4,4,2,2
EMP0571,Finance / Accounts Administration,5,3,4,2,4,5,2,5
EMP0572,Finance / Accounts Administration,3,4,4,5,4,2,1,3
EMP0573,Finance / Accounts Administration,4,3,4,3,3,4,2,1
EMP0574,Finance / Accounts Administration,2,3,4,4,1,2,1,3
EMP0575,Finance / Accounts Administration,4,4,4,5,5,5,2,3
EMP0576,Finance / Accounts Administration,4,3,3,4,5,5,2,5
EMP0577,Finance / Accounts Administration,2,5,3,5,5,4,5,5
EMP0578,Finance / Accounts Administration,3,2,4,1,2,3,5,2
EMP0579,Finance / Accounts Administration,4,2,2,3,1,4,1,3
EMP0580,Finance / Accounts Administration,2,5,4,1,3,5,1,4
EMP0581,Finance / Accounts Administration,4,2,3,5,5,5,4,2
EMP0582,Finance / Accounts Administration,5,5,5,5,3,2,5,1
EMP0583,Finance / Accounts Administration,3,4,2,1,4,5,1,5
EMP0584,Finance / Accounts Administration,5,2,3,5,3,3,5,5
EMP0585,Finance / Accounts Administration,4,3,2,2,4,2,3,4
EMP0586,Finance / Accounts Administration,3,3,3,5,4,5,2,2
EMP0587,Finance / Accounts Administration,5,2,3,5,2,3,3,2
EMP0588,Finance / Accounts Administration,5,5,3,3,5,1,1,5
EMP0589,Finance / Accounts Administration,3,3,3,1,1,1,5,1
EMP0590,Finance / Accounts Administration,5,5,5,3,4,3,5,4
EMP0591,Finance / Accounts Administration,5,5,5,4,2,5,5,5
EMP0592,Finance / Accounts Administration,1,1,2,2,3,3,5,4
EMP0593,Finance / Accounts Administration,2,5,5,3,1,4,4,5
EMP0594,Finance / Accounts Administration,1,5,1,2,2,5,2,5
EMP0595,Finance / Accounts Administration,1,4,3,1,1,5,4,3
EMP0596,Finance / Accounts Administration,3,5,5,2,5,5,3,5
EMP0597,Finance / Accounts Administration,1,1,2,1,2,1,1,2
EMP0598,Finance / Accounts Administration,2,4,1,2,3,5,1,4
EMP0599,Finance / Accounts Administration,3,5,4,1,1,2,4,1
EMP0600,Finance / Accounts Administration,2,5,5,5,2,1,4,3
EMP0601,Admissions Administration,1,1,2,3,4,5,4,5
EMP0602,Admissions Administration,1,5,4,3,3,5,1,1
EMP0603,Admissions Administration,2,3,2,5,4,2,2,4
EMP0604,Admissions Administration,5,4,4,3,3,5,5,4
EMP0605,Admissions Administration,5,5,4,4,4,4,4,5
EMP0606,Admissions Administration,5,5,2,2,2,5,3,5
EMP0607,Admissions Administration,3,5,2,4,5,5,3,5
EMP0608,Admissions Administration,2,3,3,5,5,3,3,4
EMP0609,Admissions Administration,5,5,5,5,4,5,3,5
EMP0610,Admissions Administration,5,5,5,5,4,4,1,3
EMP0611,Admissions Administration,2,5,5,2,2,5,1,4
EMP0612,Admissions Administration,3,2,2,3,2,3,5,4
EMP0613,Admissions Administration,2,3,5,1,2,2,2,1
EMP0614,Admissions Administration,4,4,3,4,4,4,5,3
EMP0615,Admissions Administration,5,3,1,1,3,4,1,5
EMP0616,Admissions Administration,3,5,4,2,4,5,4,2
EMP0617,Admissions Administration,5,2,4,2,4,1,3,3
EMP0618,Admissions Administration,1,3,1,3,4,1,4,1
EMP0619,Admissions Administration,3,4,5,5,2,1,2,3
EMP0620,Admissions Administration,3,4,3,2,4,2,1,1
EMP0621,Admissions Administration,2,5,3,5,2,4,4,4
EMP0622,Admissions Administration,1,5,4,3,3,3,2,3
EMP0623,Admissions Administration,5,5,5,3,4,5,2,5
EMP0624,Admissions Administration,5,5,5,3,4,3,2,2
EMP0625,Admissions Administration,5,4,4,3,4,3,5,5
EMP0626,Admissions Administration,5,2,3,4,4,3,4,4
EMP0627,Admissions Administration,5,3,3,2,5,3,5,3
EMP0628,Admissions Administration,1,1,5,4,3,1,4,1
EMP0629,Admissions Administration,4,5,2,4,2,4,5,3
EMP0630,Admissions Administration,4,5,4,4,4,2,3,1
EMP0631,Admissions Administration,4,5,4,2,2,5,1,4
EMP0632,Admissions Administration,4,1,1,5,3,4,3,4
EMP0633,Admissions Administration,2,5,3,3,3,2,4,1
EMP0634,Admissions Administration,3,4,3,3,5,5,5,2
EMP0635,Admissions Administration,1,5,3,1,2,5,5,3
EMP0636,Admissions Administration,2,5,4,5,5,5,1,3
EMP0637,Admissions Administration,2,2,4,3,4,5,2,3
EMP0638,Admissions Administration,4,5,5,4,1,5,1,5
EMP0639,Admissions Administration,1,3,1,3,4,3,2,1
EMP0640,Admissions Administration,5,4,4,3,3,2,2,3
EMP0641,Admissions Administration,2,3,1,4,4,3,2,4
EMP0642,Admissions Administration,2,2,1,1,4,5,4,1
EMP0643,Admissions Administration,3,3,2,1,2,4,4,5
EMP0644,Admissions Administration,2,3,1,2,2,4,3,1
EMP0645,Admissions Administration,2,1,4,2,3,5,1,4
EMP0646,Admissions Administration,3,5,5,1,2,4,1,3
EMP0647,Admissions Administration,4,5,4,5,5,4,1,5
EMP0648,Admissions Administration,2,2,4,3,2,5,2,1
EMP0649,Admissions Administration,3,1,3,5,2,4,3,1
EMP0650,Admissions Administration,2,3,4,2,3,2,1,4
EMP0651,Admissions Administration,5,3,5,2,2,2,3,2
EMP0652,Admissions Administration,1,4,2,2,3,5,5,4
EMP0653,Admissions Administration,1,4,4,2,3,5,2,5
EMP0654,Admissions Administration,4,4,5,3,5,2,2,1
EMP0655,Admissions Administration,5,4,3,4,3,5,5,5
EMP0656,Admissions Administration,3,4,5,3,3,2,5,5
EMP0657,Admissions Administration,2,5,3,5,5,2,2,2
EMP0658,Admissions Administration,4,4,1,5,4,2,1,3
EMP0659,Admissions Administration,5,1,2,1,3,2,1,3
EMP0660,Admissions Administration,3,4,1,3,3,5,5,2
EMP0661,Admissions Administration,1,5,4,1,2,5,1,3
EMP0662,Admissions Administration,1,4,2,3,3,5,1,2
EMP0663,Admissions Administration,2,3,4,4,4,5,1,3
EMP0664,Admissions Administration,1,4,4,4,4,1,1,1
EMP0665,Admissions Administration,4,4,3,4,5,5,3,5
EMP0666,Admissions Administration,5,4,3,4,5,5,3,4
EMP0667,Admissions Administration,4,5,5,4,2,1,4,1
EMP0668,Admissions Administration,1,3,2,5,2,5,3,2
EMP0669,Admissions Administration,3,5,3,3,1,3,4,5
EMP0670,Admissions Administration,5,4,2,5,3,4,2,3
EMP0671,Admissions Administration,1,4,3,4,4,5,3,1
EMP0672,Admissions Administration,5,4,2,1,4,4,5,4
EMP0673,Admissions Administration,5,4,1,4,4,5,4,4
EMP0674,Admissions Administration,2,5,4,1,1,3,5,5
EMP0675,Admissions Administration,1,4,4,5,5,5,2,4
EMP0676,Admissions Administration,4,3,5,3,2,3,1,1
EMP0677,Admissions Administration,1,5,4,5,2,4,5,5
EMP0678,Admissions Administration,2,3,5,4,4,3,2,5
EMP0679,Admissions Administration,3,3,5,4,5,5,3,5
EMP0680,Admissions Administration,4,5,1,5,3,2,1,1
EMP0681,Admissions Administration,3,4,5,3,2,3,1,3
EMP0682,Admissions Administration,4,5,1,1,2,5,5,5
EMP0683,Admissions Administration,5,5,4,4,2,5,5,5
EMP0684,Admissions Administration,1,5,2,3,5,5,4,3
EMP0685,Admissions Administration,3,5,3,1,5,4,4,4
EMP0686,Admissions Administration,5,4,2,1,2,5,5,3
EMP0687,Admissions Administration,5,4,4,4,5,3,4,5
EMP0688,Admissions Administration,3,5,5,5,5,5,3,5
EMP0689,Admissions Administration,4,5,5,3,4,5,5,2
EMP0690,Admissions Administration,4,1,1,4,4,3,4,5
EMP0691,Admissions Administration,5,4,4,3,4,4,3,3
EMP0692,Admissions Administration,3,3,1,1,3,1,2,5
EMP0693,Admissions Administration,1,4,5,3,2,4,4,5
EMP0694,Admissions Administration,5,5,5,1,1,3,4,5
EMP0695,Admissions Administration,4,4,1,4,2,3,5,3
EMP0696,Admissions Administration,4,5,3,5,3,2,1,2
EMP0697,Admissions Administration,5,3,4,3,4,5,3,3
EMP0698,Admissions Administration,5,4,5,5,4,2,2,1
EMP0699,Admissions Administration,1,5,5,4,3,5,1,4
EMP0700,Admissions Administration,4,5,5,4,4,3,4,5
EMP0701,Admissions Administration,4,3,1,3,4,4,3,5
EMP0702,Admissions Administration,3,3,2,5,5,2,1,1
EMP0703,Admissions Administration,5,5,3,3,4,5,4,1
EMP0704,Admissions Administration,4,4,2,2,2,2,1,5
EMP0705,Admissions Administration,1,3,2,2,2,2,3,3
EMP0706,Admissions Administration,4,2,1,4,4,3,5,5
EMP0707,Admissions Administration,1,4,3,3,2,4,4,1
EMP0708,Admissions Administration,3,4,4,5,4,3,5,5
EMP0709,Admissions Administration,5,5,1,3,2,1,5,3
EMP0710,Admissions Administration,3,3,4,3,3,5,3,2
EMP0711,Admissions Administration,5,4,5,2,3,3,4,3
EMP0712,Admissions Administration,2,2,5,2,2,3,2,1
EMP0713,Admissions Administration,5,3,4,5,5,5,4,2
EMP0714,Admissions Administration,1,4,4,3,2,5,2,3
EMP0715,Admissions Administration,2,2,1,4,1,1,2,5
EMP0716,Admissions Administration,1,2,2,4,2,4,1,2
EMP0717,Admissions Administration,2,3,3,2,5,4,3,2
EMP0718,Admissions Administration,1,4,1,4,3,3,4,5
EMP0719,Admissions Administration,1,4,1,3,4,4,2,5
EMP0720,Admissions Administration,1,4,1,4,4,3,2,1
EMP0721,Admissions Administration,1,5,2,3,1,4,3,4
EMP0722,Admissions Administration,1,3,3,2,2,4,2,1
EMP0723,Admissions Administration,1,5,3,5,2,4,4,3
EMP0724,Admissions Administration,1,3,3,3,5,1,5,2
EMP0725,Admissions Administration,1,3,4,5,5,2,2,3
EMP0726,Admissions Administration,1,4,1,5,5,5,1,2
EMP0727,Admissions Administration,4,2,1,4,2,4,1,5
EMP0728,Admissions Administration,1,2,2,5,4,3,5,5
EMP0729,Admissions Administration,5,4,2,3,1,5,2,5
EMP0730,Admissions Administration,2,5,4,5,5,2,4,1
EMP0731,Admissions Administration,3,1,2,5,2,4,2,1
EMP0732,Admissions Administration,3,5,5,5,5,1,5,5
EMP0733,Admissions Administration,4,5,5,3,2,5,2,1
EMP0734,Admissions Administration,2,3,3,1,2,2,3,5
EMP0735,Admissions Administration,2,3,3,2,3,3,2,5
EMP0736,Admissions Administration,2,4,5,2,4,2,1,4
EMP0737,Admissions Administration,4,5,5,5,4,5,4,4
EMP0738,Admissions Administration,1,4,4,5,5,4,3,2
EMP0739,Admissions Administration,4,5,5,5,4,5,3,5
EMP0740,Admissions Administration,1,4,1,3,2,4,2,3
EMP0741,Admissions Administration,2,3,3,4,5,5,5,5
EMP0742,Admissions Administration,5,4,5,1,3,4,4,5
EMP0743,Admissions Administration,5,2,2,5,5,5,5,5
EMP0744,Admissions Administration,3,5,5,5,3,5,2,3
EMP0745,Admissions Administration,3,4,1,3,5,4,3,4
EMP0746,Admissions Administration,5,3,1,2,3,4,4,5
EMP0747,Admissions Administration,4,4,3,4,2,5,2,3
EMP0748,Admissions Administration,5,4,4,5,5,3,1,4
EMP0749,Admissions Administration,1,5,1,4,5,5,4,5
EMP0750,Admissions Administration,4,4,5,1,1,1,5,1
EMP0751,Admissions Administration,2,4,2,4,4,2,2,1
EMP0752,Admissions Administration,2,5,1,2,5,1,3,2
EMP0753,Admissions Administration,4,3,1,4,4,5,3,5
EMP0754,Admissions Administration,3,1,2,1,1,3,4,5
EMP0755,Admissions Administration,1,4,5,5,5,2,4,2
EMP0756,Admissions Administration,3,4,1,1,1,3,5,1
EMP0757,Admissions Administration,2,3,2,5,4,2,5,5
EMP0758,Admissions Administration,1,4,3,2,1,3,1,3
EMP0759,Admissions Administration,1,4,4,5,5,2,1,3
EMP0760,Admissions Administration,3,5,3,3,3,5,2,5
EMP0761,Admissions Administration,1,4,2,2,1,1,2,1
EMP0762,Admissions Administration,5,5,5,4,5,5,2,4
EMP0763,Admissions Administration,2,4,2,4,3,5,3,5
EMP0764,Admissions Administration,5,2,3,2,4,3,5,4
EMP0765,Admissions Administration,5,5,5,4,4,5,2,4
EMP0766,Admissions Administration,5,3,4,3,4,1,3,2
EMP0767,Admissions Administration,1,4,2,3,2,3,3,5
EMP0768,Admissions Administration,4,5,5,3,5,5,1,3
EMP0769,Admissions Administration,1,3,1,1,3,2,4,5
EMP0770,Admissions Administration,2,4,5,2,3,2,2,4
EMP0771,Admissions Administration,5,3,3,2,2,2,5,5
EMP0772,Admissions Administration,1,2,1,5,4,2,1,1
EMP0773,Admissions Administration,5,5,5,5,5,1,2,2
EMP0774,Admissions Administration,1,4,1,5,4,3,1,1
EMP0775,Admissions Administration,5,3,2,4,4,4,3,5
EMP0776,Admissions Administration,3,1,1,4,4,5,4,2
EMP0777,Admissions Administration,5,3,5,3,4,5,5,5
EMP0778,Admissions Administration,2,5,3,4,3,5,1,4
EMP0779,Admissions Administration,2,3,5,2,3,4,5,1
EMP0780,Admissions Administration,5,3,4,5,4,5,1,4
EMP0781,Admissions Administration,3,3,1,5,5,3,3,2
EMP0782,Admissions Administration,4,2,5,2,2,3,3,5
EMP0783,Admissions Administration,5,3,2,1,1,5,4,5
EMP0784,Admissions Administration,2,5,5,4,4,5,4,4
EMP0785,Admissions Administration,5,5,5,5,3,2,3,4
EMP0786,Admissions Administration,2,1,4,5,5,5,4,3
EMP0787,Admissions Administration,1,5,2,3,4,5,1,1
EMP0788,Admissions Administration,2,4,5,4,5,3,5,1
EMP0789,Admissions Administration,5,5,5,2,3,3,2,5
EMP0790,Admissions Administration,2,5,5,3,3,3,3,1
EMP0791,Admissions Administration,5,4,5,4,3,5,3,2
EMP0792,Admissions Administration,2,3,5,2,2,5,1,1
EMP0793,Admissions Administration,1,4,3,5,5,4,4,2
EMP0794,Admissions Administration,1,3,3,3,2,2,1,1
EMP0795,Admissions Administration,5,3,4,1,3,3,5,1
EMP0796,Admissions Administration,4,4,5,3,3,4,3,4
EMP0797,Admissions Administration,4,5,3,4,4,4,4,5
EMP0798,Admissions Administration,1,5,2,4,5,5,1,2
EMP0799,Admissions Administration,1,4,3,3,3,3,4,3
EMP0800,Admissions Administration,4,4,3,4,4,5,3,2
EMP0801,Departmental / Academic Administration,1,1,2,4,3,1,1,1
EMP0802,Departmental / Academic Administration,5,5,5,4,2,2,1,1
EMP0803,Departmental / Academic Administration,1,2,3,3,3,1,5,4
EMP0804,Departmental / Academic Administration,5,5,3,4,5,4,4,5
EMP0805,Departmental / Academic Administration,2,5,3,2,4,4,1,4
EMP0806,Departmental / Academic Administration,5,2,3,5,5,4,4,5
EMP0807,Departmental / Academic Administration,3,3,5,3,5,4,3,4
EMP0808,Departmental / Academic Administration,2,5,5,4,5,2,4,1
EMP0809,Departmental / Academic Administration,4,4,3,4,4,1,5,3
EMP0810,Departmental / Academic Administration,3,2,3,2,3,2,4,5
EMP0811,Departmental / Academic Administration,1,5,4,3,5,5,1,5
EMP0812,Departmental / Academic Administration,5,3,4,3,3,3,1,1
EMP0813,Departmental / Academic Administration,4,3,3,3,2,3,4,3
EMP0814,Departmental / Academic Administration,2,5,3,5,3,4,2,2
EMP0815,Departmental / Academic Administration,3,4,3,1,3,1,4,5
EMP0816,Departmental / Academic Administration,3,5,5,5,5,2,1,5
EMP0817,Departmental / Academic Administration,4,2,3,3,2,5,3,5
EMP0818,Departmental / Academic Administration,5,3,4,5,4,4,2,4
EMP0819,Departmental / Academic Administration,5,4,5,3,3,3,3,5
EMP0820,Departmental / Academic Administration,3,2,5,4,4,4,1,1
EMP0821,Departmental / Academic Administration,2,5,5,2,2,5,4,4
EMP0822,Departmental / Academic Administration,1,5,1,2,1,2,2,2
EMP0823,Departmental / Academic Administration,2,3,1,1,3,5,2,3
EMP0824,Departmental / Academic Administration,1,1,2,4,2,3,3,3
EMP0825,Departmental / Academic Administration,2,4,1,4,3,3,4,4
EMP0826,Departmental / Academic Administration,1,5,5,5,4,1,2,1
EMP0827,Departmental / Academic Administration,5,4,5,1,2,2,2,5
EMP0828,Departmental / Academic Administration,2,2,1,5,4,5,5,5
EMP0829,Departmental / Academic Administration,5,2,1,3,3,4,4,5
EMP0830,Departmental / Academic Administration,3,2,1,5,4,4,1,2
EMP0831,Departmental / Academic Administration,1,4,1,2,2,2,2,3
EMP0832,Departmental / Academic Administration,1,4,5,5,4,5,1,2
EMP0833,Departmental / Academic Administration,1,1,3,1,2,4,3,2
EMP0834,Departmental / Academic Administration,5,3,3,1,5,3,5,4
EMP0835,Departmental / Academic Administration,2,5,5,5,3,2,4,2
EMP0836,Departmental / Academic Administration,5,4,2,3,2,4,2,5
EMP0837,Departmental / Academic Administration,5,3,4,3,1,4,5,3
EMP0838,Departmental / Academic Administration,4,3,3,2,2,1,5,2
EMP0839,Departmental / Academic Administration,3,5,2,4,5,5,1,3
EMP0840,Departmental / Academic Administration,4,5,3,2,3,5,5,5
EMP0841,Departmental / Academic Administration,3,5,5,1,1,3,5,3
EMP0842,Departmental / Academic Administration,4,3,1,3,2,5,3,5
EMP0843,Departmental / Academic Administration,1,3,5,5,3,5,2,3
EMP0844,Departmental / Academic Administration,5,3,5,5,5,4,3,4
EMP0845,Departmental / Academic Administration,5,5,5,1,5,3,3,4
EMP0846,Departmental / Academic Administration,3,3,2,5,5,4,5,5
EMP0847,Departmental / Academic Administration,5,2,4,4,5,5,4,5
EMP0848,Departmental / Academic Administration,3,4,4,5,4,3,2,2
EMP0849,Departmental / Academic Administration,3,4,4,3,3,1,2,3
EMP0850,Departmental / Academic Administration,1,5,3,5,5,5,4,1
EMP0851,Departmental / Academic Administration,1,4,3,3,4,3,2,2
EMP0852,Departmental / Academic Administration,4,5,3,4,4,1,5,1
EMP0853,Departmental / Academic Administration,1,4,4,2,4,5,2,3
EMP0854,Departmental / Academic Administration,1,4,1,5,3,4,4,4
EMP0855,Departmental / Academic Administration,5,3,5,3,5,1,2,2
EMP0856,Departmental / Academic Administration,5,5,3,1,2,3,5,2
EMP0857,Departmental / Academic Administration,1,3,1,3,2,3,3,1
EMP0858,Departmental / Academic Administration,5,1,3,5,5,4,4,5
EMP0859,Departmental / Academic Administration,3,2,4,3,5,2,2,1
EMP0860,Departmental / Academic Administration,1,4,3,4,5,4,3,4
EMP0861,Departmental / Academic Administration,3,3,1,2,4,5,3,1
EMP0862,Departmental / Academic Administration,5,4,2,5,4,4,5,1
EMP0863,Departmental / Academic Administration,3,3,2,3,4,5,2,2
EMP0864,Departmental / Academic Administration,5,2,2,2,4,3,5,5
EMP0865,Departmental / Academic Administration,1,5,2,3,2,5,2,3
EMP0866,Departmental / Academic Administration,1,5,3,4,2,4,2,2
EMP0867,Departmental / Academic Administration,5,2,4,4,4,3,5,5
EMP0868,Departmental / Academic Administration,5,5,5,4,5,5,1,4
EMP0869,Departmental / Academic Administration,2,3,1,2,4,2,5,5
EMP0870,Departmental / Academic Administration,3,4,5,2,2,1,1,2
EMP0871,Departmental / Academic Administration,5,4,5,4,3,3,1,3
EMP0872,Departmental / Academic Administration,1,1,3,5,4,4,3,3
EMP0873,Departmental / Academic Administration,2,3,2,1,3,5,5,3
EMP0874,Departmental / Academic Administration,4,2,3,3,3,3,4,4
EMP0875,Departmental / Academic Administration,2,4,5,3,3,5,4,2
EMP0876,Departmental / Academic Administration,3,5,5,5,5,5,3,5
EMP0877,Departmental / Academic Administration,5,3,5,3,2,4,4,5
EMP0878,Departmental / Academic Administration,5,3,3,1,1,5,4,5
EMP0879,Departmental / Academic Administration,2,2,5,4,1,3,4,3
EMP0880,Departmental / Academic Administration,5,2,5,2,2,5,3,4
EMP0881,Departmental / Academic Administration,4,2,4,1,2,4,2,2
EMP0882,Departmental / Academic Administration,1,4,4,4,3,4,3,2
EMP0883,Departmental / Academic Administration,5,4,3,5,4,4,5,5
EMP0884,Departmental / Academic Administration,5,5,5,5,4,1,5,5
EMP0885,Departmental / Academic Administration,5,5,4,5,4,1,2,1
EMP0886,Departmental / Academic Administration,1,2,2,5,5,5,2,2
EMP0887,Departmental / Academic Administration,5,5,5,1,3,2,4,1
EMP0888,Departmental / Academic Administration,1,4,2,2,2,5,2,4
EMP0889,Departmental / Academic Administration,3,1,5,5,4,2,5,5
EMP0890,Departmental / Academic Administration,5,3,2,5,4,4,4,4
EMP0891,Departmental / Academic Administration,3,5,5,4,4,3,4,2
EMP0892,Departmental / Academic Administration,1,3,2,2,2,5,1,4
EMP0893,Departmental / Academic Administration,2,4,2,2,4,4,1,4
EMP0894,Departmental / Academic Administration,3,4,3,1,1,3,2,1
EMP0895,Departmental / Academic Administration,3,1,2,5,3,5,4,5
EMP0896,Departmental / Academic Administration,4,4,5,4,3,2,5,4
EMP0897,Departmental / Academic Administration,5,2,5,5,3,2,2,1
EMP0898,Departmental / Academic Administration,4,4,5,4,2,4,3,3
EMP0899,Departmental / Academic Administration,4,5,4,3,3,3,2,5
EMP0900,Departmental / Academic Administration,3,3,2,4,3,2,3,2
EMP0901,Departmental / Academic Administration,4,3,4,2,1,5,5,5
EMP0902,Departmental / Academic Administration,5,2,2,2,1,4,5,5
EMP0903,Departmental / Academic Administration,1,5,5,5,3,4,1,2
EMP0904,Departmental / Academic Administration,2,5,2,5,5,5,5,5
EMP0905,Departmental / Academic Administration,3,1,1,3,1,1,4,2
EMP0906,Departmental / Academic Administration,2,5,3,3,3,2,5,3
EMP0907,Departmental / Academic Administration,4,1,5,5,2,2,2,1
EMP0908,Departmental / Academic Administration,3,3,3,2,3,4,2,3
EMP0909,Departmental / Academic Administration,5,3,3,2,4,3,3,3
EMP0910,Departmental / Academic Administration,1,1,5,5,5,4,1,1
EMP0911,Departmental / Academic Administration,5,5,5,2,2,4,5,5
EMP0912,Departmental / Academic Administration,4,4,5,2,4,5,4,5
EMP0913,Departmental / Academic Administration,1,1,1,4,3,5,2,2
EMP0914,Departmental / Academic Administration,1,3,5,5,5,3,2,1
EMP0915,Departmental / Academic Administration,5,5,3,5,3,5,4,5
EMP0916,Departmental / Academic Administration,2,5,4,2,3,4,3,5
EMP0917,Departmental / Academic Administration,3,4,5,5,4,4,1,2
EMP0918,Departmental / Academic Administration,1,5,3,4,3,3,2,5
EMP0919,Departmental / Academic Administration,2,5,1,2,2,4,2,5
EMP0920,Departmental / Academic Administration,4,2,2,5,4,4,3,5
EMP0921,Departmental / Academic Administration,4,1,1,4,4,2,4,4
EMP0922,Departmental / Academic Administration,5,2,2,5,5,3,5,5
EMP0923,Departmental / Academic Administration,5,1,5,1,3,2,3,4
EMP0924,Departmental / Academic Administration,1,5,5,2,1,5,1,4
EMP0925,Departmental / Academic Administration,1,5,5,4,4,4,1,3
EMP0926,Departmental / Academic Administration,5,5,3,4,3,3,5,5
EMP0927,Departmental / Academic Administration,3,3,4,4,4,3,4,5
EMP0928,Departmental / Academic Administration,5,2,5,3,5,4,4,2
EMP0929,Departmental / Academic Administration,2,1,2,2,2,3,5,3
EMP0930,Departmental / Academic Administration,5,3,2,4,5,3,4,1
EMP0931,Departmental / Academic Administration,2,4,1,5,5,1,2,4
EMP0932,Departmental / Academic Administration,5,3,4,1,1,2,4,5
EMP0933,Departmental / Academic Administration,1,1,1,5,4,4,1,1
EMP0934,Departmental / Academic Administration,1,1,1,5,4,5,5,5
EMP0935,Departmental / Academic Administration,2,4,5,5,4,3,1,4
EMP0936,Departmental / Academic Administration,3,1,1,3,5,2,5,4
EMP0937,Departmental / Academic Administration,2,4,1,5,5,1,5,3
EMP0938,Departmental / Academic Administration,2,3,3,5,1,2,2,1
EMP0939,Departmental / Academic Administration,4,3,3,3,3,2,4,2
EMP0940,Departmental / Academic Administration,1,3,1,5,4,1,1,2
EMP0941,Departmental / Academic Administration,5,2,3,4,3,1,4,4
EMP0942,Departmental / Academic Administration,4,5,5,5,5,5,5,4
EMP0943,Departmental / Academic Administration,5,4,5,2,4,3,5,4
EMP0944,Departmental / Academic Administration,4,3,5,5,5,5,4,4
EMP0945,Departmental / Academic Administration,4,4,5,2,1,5,1,1
EMP0946,Departmental / Academic Administration,1,2,1,3,3,4,5,3
EMP0947,Departmental / Academic Administration,4,3,3,3,3,3,5,5
EMP0948,Departmental / Academic Administration,3,3,2,4,4,5,5,5
EMP0949,Departmental / Academic Administration,1,5,3,5,5,5,4,5
EMP0950,Departmental / Academic Administration,1,3,5,2,5,1,4,2
EMP0951,Departmental / Academic Administration,1,4,3,3,4,2,4,3
EMP0952,Departmental / Academic Administration,4,2,2,5,3,2,3,3
EMP0953,Departmental / Academic Administration,3,5,1,2,2,4,1,5
EMP0954,Departmental / Academic Administration,5,4,2,5,3,1,4,4
EMP0955,Departmental / Academic Administration,5,4,5,4,3,5,3,5
EMP0956,Departmental / Academic Administration,4,2,1,5,3,4,4,5
EMP0957,Departmental / Academic Administration,5,4,5,2,3,1,3,3
EMP0958,Departmental / Academic Administration,3,3,1,5,4,4,5,2
EMP0959,Departmental / Academic Administration,3,4,2,3,4,5,3,3
EMP0960,Departmental / Academic Administration,3,5,3,1,2,3,2,1
EMP0961,Departmental / Academic Administration,1,4,4,5,5,4,3,1
EMP0962,Departmental / Academic Administration,3,5,2,4,5,5,4,3
EMP0963,Departmental / Academic Administration,4,4,5,5,2,5,3,1
EMP0964,Departmental / Academic Administration,5,1,5,5,4,2,5,4
EMP0965,Departmental / Academic Administration,4,3,5,3,1,1,5,5
EMP0966,Departmental / Academic Administration,5,5,5,5,5,2,5,5
EMP0967,Departmental / Academic Administration,3,4,3,4,5,5,5,3
EMP0968,Departmental / Academic Administration,5,3,4,1,3,4,4,3
EMP0969,Departmental / Academic Administration,5,3,5,2,5,1,3,1
EMP0970,Departmental / Academic Administration,4,3,4,3,4,3,5,4
EMP0971,Departmental / Academic Administration,5,2,1,4,3,1,4,1
EMP0972,Departmental / Academic Administration,1,2,1,2,2,2,3,3
EMP0973,Departmental / Academic Administration,5,5,5,1,1,1,4,4
EMP0974,Departmental / Academic Administration,5,5,5,4,5,5,3,5
EMP0975,Departmental / Academic Administration,3,5,5,4,1,3,4,2
EMP0976,Departmental / Academic Administration,2,1,2,4,3,4,1,5
EMP0977,Departmental / Academic Administration,5,3,4,3,2,3,5,4
EMP0978,Departmental / Academic Administration,1,4,3,3,2,1,4,5
EMP0979,Departmental / Academic Administration,2,4,4,4,4,1,3,1
EMP0980,Departmental / Academic Administration,5,3,5,4,2,4,3,3
EMP0981,Departmental / Academic Administration,1,4,1,5,3,2,1,1
EMP0982,Departmental / Academic Administration,4,4,4,4,3,5,5,5
EMP0983,Departmental / Academic Administration,3,2,2,5,4,4,2,3
EMP0984,Departmental / Academic Administration,1,4,3,5,4,4,1,5
EMP0985,Departmental / Academic Administration,1,1,3,3,2,4,5,3
EMP0986,Departmental / Academic Administration,1,4,5,4,1,5,1,4
EMP0987,Departmental / Academic Administration,4,4,5,5,4,3,3,5
EMP0988,Departmental / Academic Administration,5,1,2,4,5,2,3,2
EMP0989,Departmental / Academic Administration,1,3,5,2,2,5,4,3
EMP0990,Departmental / Academic Administration,4,5,5,2,2,3,1,2
EMP0991,Departmental / Academic Administration,5,5,5,5,5,3,1,1
EMP0992,Departmental / Academic Administration,2,2,3,5,2,4,1,1
EMP0993,Departmental / Academic Administration,3,5,1,1,1,1,4,4
EMP0994,Departmental / Academic Administration,1,1,1,1,2,3,2,1
EMP0995,Departmental / Academic Administration,5,1,3,4,5,2,2,4
EMP0996,Departmental / Academic Administration,3,5,5,1,1,1,4,3
EMP0997,Departmental / Academic Administration,5,1,2,3,4,5,2,5
EMP0998,Departmental / Academic Administration,4,3,5,1,4,5,4,4
EMP0999,Departmental / Academic Administration,5,2,4,5,3,4,5,5
EMP1000,Departmental / Academic Administration,3,2,1,4,4,1,1,1
